channel,topomap_x,topomap_y,radial_distance,head_and_mask_radius,fraction_of_head_radius,head_outline_equals_interpolation_mask,coordinate_source
Fp1,-0.03443086786,0.1270829217,0.1316645497,0.1345255528,0.9787326419,True,MNE standard_1005 projected with eeglab sphere; one enclosing display radius
Fp2,0.03182131236,0.1279913866,0.1318877969,0.1345255528,0.9803921569,True,MNE standard_1005 projected with eeglab sphere; one enclosing display radius
F7,-0.08288310788,0.08324036545,0.1174673061,0.1345255528,0.8731969776,True,MNE standard_1005 projected with eeglab sphere; one enclosing display radius
F3,-0.04327169592,0.0734707628,0.08526659753,0.1345255528,0.6338319802,True,MNE standard_1005 projected with eeglab sphere; one enclosing display radius
Fz,-0.001093575324,0.07208531323,0.07209360783,0.1345255528,0.5359101399,True,MNE standard_1005 projected with eeglab sphere; one enclosing display radius
F4,0.04207140529,0.07457478036,0.08562360077,0.1345255528,0.6364857751,True,MNE standard_1005 projected with eeglab sphere; one enclosing display radius
F8,0.08280406098,0.08506317432,0.1187108089,0.1345255528,0.8824405948,True,MNE standard_1005 projected with eeglab sphere; one enclosing display radius
FC5,-0.07077951726,0.04681360849,0.08486020271,0.1345255528,0.6308110312,True,MNE standard_1005 projected with eeglab sphere; one enclosing display radius
FC1,-0.02509694823,0.04529223994,0.05178072816,0.1345255528,0.3849136991,True,MNE standard_1005 projected with eeglab sphere; one enclosing display radius
FC2,0.02290724496,0.04541058278,0.05086121214,0.1345255528,0.3780784473,True,MNE standard_1005 projected with eeglab sphere; one enclosing display radius
FC6,0.06977463804,0.0475177154,0.08441820533,0.1345255528,0.6275254296,True,MNE standard_1005 projected with eeglab sphere; one enclosing display radius
T7,-0.09662480885,0.01578731451,0.09790604162,0.1345255528,0.727787692,True,MNE standard_1005 projected with eeglab sphere; one enclosing display radius
C3,-0.04872605847,0.01897190142,0.05228921321,0.1345255528,0.3886935389,True,MNE standard_1005 projected with eeglab sphere; one enclosing display radius
Cz,-0.001125226797,0.02041318435,0.02044417351,0.1345255528,0.1519724177,True,MNE standard_1005 projected with eeglab sphere; one enclosing display radius
C4,0.04709251538,0.01914154467,0.05083408047,0.1345255528,0.3778767632,True,MNE standard_1005 projected with eeglab sphere; one enclosing display radius
T8,0.09408274706,0.01625415692,0.09547649402,0.1345255528,0.7097275723,True,MNE standard_1005 projected with eeglab sphere; one enclosing display radius
CP5,-0.06863958458,-0.01002053371,0.06936716562,0.1345255528,0.5156430445,True,MNE standard_1005 projected with eeglab sphere; one enclosing display radius
CP1,-0.02484036166,-0.004537260192,0.02525134249,0.1345255528,0.1877066621,True,MNE standard_1005 projected with eeglab sphere; one enclosing display radius
CP2,0.02377161986,-0.004601418645,0.02421286774,0.1345255528,0.1799871268,True,MNE standard_1005 projected with eeglab sphere; one enclosing display radius
CP6,0.06838830559,-0.01013366798,0.06913502418,0.1345255528,0.5139174136,True,MNE standard_1005 projected with eeglab sphere; one enclosing display radius
AFz,-0.001169529781,0.1008067759,0.1008135599,0.1345255528,0.7494008222,True,MNE standard_1005 projected with eeglab sphere; one enclosing display radius
P7,-0.07700500271,-0.04383743113,0.08860863846,0.1345255528,0.6586751483,True,MNE standard_1005 projected with eeglab sphere; one enclosing display radius
P3,-0.04105602297,-0.03090081262,0.05138537966,0.1345255528,0.3819748633,True,MNE standard_1005 projected with eeglab sphere; one enclosing display radius
Pz,-0.001373470587,-0.02799578288,0.0280294538,0.1345255528,0.2083578414,True,MNE standard_1005 projected with eeglab sphere; one enclosing display radius
P4,0.03959755874,-0.03092908413,0.05024514806,0.1345255528,0.3734989153,True,MNE standard_1005 projected with eeglab sphere; one enclosing display radius
P8,0.07359868881,-0.0440417849,0.08576972549,0.1345255528,0.637571998,True,MNE standard_1005 projected with eeglab sphere; one enclosing display radius
PO9,-0.07499951375,-0.09288839378,0.1193866859,0.1345255528,0.8874647482,True,MNE standard_1005 projected with eeglab sphere; one enclosing display radius
O1,-0.02983866101,-0.07562082572,0.08129486437,0.1345255528,0.6043079746,True,MNE standard_1005 projected with eeglab sphere; one enclosing display radius
Oz,-0.001933823804,-0.07450957385,0.07453466489,0.1345255528,0.5540558156,True,MNE standard_1005 projected with eeglab sphere; one enclosing display radius
O2,0.0260855474,-0.0755310665,0.07990868407,0.1345255528,0.594003759,True,MNE standard_1005 projected with eeglab sphere; one enclosing display radius
PO10,0.07028084109,-0.0939472576,0.1173263987,0.1345255528,0.8721495377,True,MNE standard_1005 projected with eeglab sphere; one enclosing display radius
AF7,-0.06430236767,0.1122191477,0.1293365052,0.1345255528,0.9614270488,True,MNE standard_1005 projected with eeglab sphere; one enclosing display radius
AF3,-0.03319175563,0.1032577974,0.1084613543,0.1345255528,0.8062509462,True,MNE standard_1005 projected with eeglab sphere; one enclosing display radius
AF4,0.03210747634,0.1035931546,0.108454745,0.1345255528,0.8062018164,True,MNE standard_1005 projected with eeglab sphere; one enclosing display radius
AF8,0.06213846223,0.113133775,0.129075325,0.1345255528,0.9594855571,True,MNE standard_1005 projected with eeglab sphere; one enclosing display radius
F5,-0.06291346221,0.07674685406,0.09923801356,0.1345255528,0.7376889481,True,MNE standard_1005 projected with eeglab sphere; one enclosing display radius
F1,-0.02254462939,0.07221983171,0.07565688605,0.1345255528,0.5623978825,True,MNE standard_1005 projected with eeglab sphere; one enclosing display radius
F2,0.02148369537,0.07278098724,0.07588558012,0.1345255528,0.5640978871,True,MNE standard_1005 projected with eeglab sphere; one enclosing display radius
F6,0.06342160398,0.07831593079,0.100775418,0.1345255528,0.7491172929,True,MNE standard_1005 projected with eeglab sphere; one enclosing display radius
FT7,-0.09477905082,0.05045455944,0.1073719286,0.1345255528,0.7981526654,True,MNE standard_1005 projected with eeglab sphere; one enclosing display radius
FC3,-0.04737747232,0.04539648738,0.06561604949,0.1345255528,0.4877590027,True,MNE standard_1005 projected with eeglab sphere; one enclosing display radius
FC4,0.04615957569,0.04586795365,0.06507361677,0.1345255528,0.4837268118,True,MNE standard_1005 projected with eeglab sphere; one enclosing display radius
FT8,0.09254520463,0.05140886562,0.1058654163,0.1345255528,0.7869539582,True,MNE standard_1005 projected with eeglab sphere; one enclosing display radius
C5,-0.07031069649,0.01759246794,0.07247819651,0.1345255528,0.5387689921,True,MNE standard_1005 projected with eeglab sphere; one enclosing display radius
C1,-0.02526345538,0.01994033726,0.03218476701,0.1345255528,0.2392464951,True,MNE standard_1005 projected with eeglab sphere; one enclosing display radius
C2,0.02345404442,0.01995540498,0.03079464869,0.1345255528,0.228913006,True,MNE standard_1005 projected with eeglab sphere; one enclosing display radius
C6,0.06985440845,0.01795261452,0.07212443933,0.1345255528,0.5361393268,True,MNE standard_1005 projected with eeglab sphere; one enclosing display radius
TP7,-0.09401812986,-0.01684751972,0.09551569328,0.1345255528,0.7100189612,True,MNE standard_1005 projected with eeglab sphere; one enclosing display radius
CP3,-0.04707326469,-0.006379342602,0.0475035605,0.1345255528,0.3531192365,True,MNE standard_1005 projected with eeglab sphere; one enclosing display radius
CPz,-0.001221085575,-0.004026117461,0.004207216632,0.1345255528,0.03127447941,True,MNE standard_1005 projected with eeglab sphere; one enclosing display radius
CP4,0.04619714566,-0.006466710252,0.04664755737,0.1345255528,0.3467561098,True,MNE standard_1005 projected with eeglab sphere; one enclosing display radius
TP8,0.09095750948,-0.01705368011,0.09254240399,0.1345255528,0.6879169202,True,MNE standard_1005 projected with eeglab sphere; one enclosing display radius
P5,-0.05880585128,-0.03546434599,0.06867203201,0.1345255528,0.5104757466,True,MNE standard_1005 projected with eeglab sphere; one enclosing display radius
P1,-0.02135266292,-0.02864875544,0.03573076268,0.1345255528,0.2656057673,True,MNE standard_1005 projected with eeglab sphere; one enclosing display radius
P2,0.02037509487,-0.02867606506,0.03517756669,0.1345255528,0.2614935672,True,MNE standard_1005 projected with eeglab sphere; one enclosing display radius
P6,0.05563189399,-0.03551857286,0.06600361087,0.1345255528,0.4906399526,True,MNE standard_1005 projected with eeglab sphere; one enclosing display radius
PO7,-0.05618648764,-0.06492831838,0.08586389184,0.1345255528,0.6382719865,True,MNE standard_1005 projected with eeglab sphere; one enclosing display radius
PO3,-0.03125193447,-0.05280954208,0.06136392379,0.1345255528,0.4561506904,True,MNE standard_1005 projected with eeglab sphere; one enclosing display radius
POz,-0.001598461763,-0.04937741767,0.04940328385,0.1345255528,0.3672408908,True,MNE standard_1005 projected with eeglab sphere; one enclosing display radius
PO4,0.02784795,-0.05315450409,0.06000757972,0.1345255528,0.4460682633,True,MNE standard_1005 projected with eeglab sphere; one enclosing display radius
PO8,0.05283676236,-0.06543449826,0.08410348993,0.1345255528,0.6251859826,True,MNE standard_1005 projected with eeglab sphere; one enclosing display radius
