representation,psychometric_variable,channel,n_participants,linear_component,linear_component_se_hc3,linear_component_p,linear_component_ci95_low,linear_component_ci95_high,total_spline_wald_chi2_3df,total_spline_p,nonlinear_wald_chi2_2df,nonlinear_p,linear_component_q_bh61,total_spline_q_bh61,nonlinear_q_bh61,total_spline_reject_bh05,linear_component_reject_bh05,nonlinear_reject_bh05
absolute_alpha_reactivity_db,STAI_trait,Fp1,137,0.3188664214,0.2442990783,0.1918146316,-0.1599509735,0.7976838164,5.715784873,0.126287071,2.287305861,0.3186528764,0.525301352,0.2582951269,0.401255918,False,False,False
absolute_alpha_reactivity_db,STAI_trait,Fp2,137,0.257020695,0.2388748627,0.2819434653,-0.2111654328,0.7252068228,5.239850697,0.1550533518,2.634865057,0.2678220455,0.525301352,0.2582951269,0.401255918,False,False,False
absolute_alpha_reactivity_db,STAI_trait,F7,137,0.2966058918,0.2201751856,0.1779364751,-0.1349295423,0.728141326,7.321719848,0.06232058951,3.213625816,0.2005256906,0.525301352,0.2582951269,0.401255918,False,False,False
absolute_alpha_reactivity_db,STAI_trait,F3,137,0.2309232098,0.2479258321,0.3516360753,-0.2550024919,0.7168489115,5.801392829,0.1216830087,3.297616114,0.1922789576,0.525301352,0.2582951269,0.401255918,False,False,False
absolute_alpha_reactivity_db,STAI_trait,Fz,137,0.1654253195,0.2473629564,0.5036515041,-0.3193971661,0.6502478052,5.217796038,0.1565263056,3.343518438,0.1879161889,0.5486203884,0.2582951269,0.401255918,False,False,False
absolute_alpha_reactivity_db,STAI_trait,F4,137,0.220708756,0.2474014451,0.3723351609,-0.2641891662,0.7056066781,6.503683931,0.08951733203,3.939653493,0.1394810197,0.525301352,0.2582951269,0.401255918,False,False,False
absolute_alpha_reactivity_db,STAI_trait,F8,137,0.1916963141,0.2049964911,0.3497264722,-0.2100894253,0.5934820535,5.909482072,0.1160981346,3.735072554,0.154503848,0.525301352,0.2582951269,0.401255918,False,False,False
absolute_alpha_reactivity_db,STAI_trait,FC5,137,0.2485433924,0.2238386467,0.266840247,-0.1901722935,0.6872590782,9.14063383,0.02747835545,5.200852634,0.07424192088,0.525301352,0.2582951269,0.401255918,False,False,False
absolute_alpha_reactivity_db,STAI_trait,FC1,137,0.2026816162,0.2520158448,0.4212574811,-0.2912603632,0.6966235956,4.524053501,0.2101547786,2.692358541,0.2602326422,0.525301352,0.291350943,0.401255918,False,False,False
absolute_alpha_reactivity_db,STAI_trait,FC2,137,0.2293968414,0.250253629,0.3593221948,-0.2610912585,0.7198849413,5.319175736,0.1498629351,3.029244289,0.2198912562,0.525301352,0.2582951269,0.401255918,False,False,False
absolute_alpha_reactivity_db,STAI_trait,FC6,137,0.2248943851,0.2109360899,0.2863453992,-0.1885327541,0.6383215244,4.733817792,0.1923586583,3.047938371,0.2178454994,0.525301352,0.2861921501,0.401255918,False,False,False
absolute_alpha_reactivity_db,STAI_trait,T7,137,0.116433589,0.1728269788,0.5005018657,-0.2223010651,0.4551682431,6.129960482,0.1054557434,4.808434944,0.09033615852,0.5486203884,0.2582951269,0.401255918,False,False,False
absolute_alpha_reactivity_db,STAI_trait,C3,137,0.1566384184,0.1884798698,0.4059387226,-0.2127753382,0.526052175,4.058221033,0.2552455516,3.25677106,0.196246152,0.525301352,0.3384777967,0.401255918,False,False,False
absolute_alpha_reactivity_db,STAI_trait,Cz,137,0.2016548291,0.2279090664,0.3762624095,-0.2450387327,0.6483483909,3.030103541,0.3870070502,1.394356902,0.4979884222,0.525301352,0.4215612511,0.5329349781,False,False,False
absolute_alpha_reactivity_db,STAI_trait,C4,137,0.07217032747,0.1795410719,0.6877052735,-0.2797237071,0.4240643621,0.5765015904,0.9017900876,0.4798607686,0.7866826246,0.6877052735,0.9017900876,0.7866826246,False,False,False
absolute_alpha_reactivity_db,STAI_trait,T8,137,0.08101183692,0.1610455625,0.6149384321,-0.2346316655,0.3966553394,3.561479389,0.3128755516,3.370819574,0.1853684548,0.6357838027,0.3817081729,0.401255918,False,False,False
absolute_alpha_reactivity_db,STAI_trait,CP5,137,0.1469792151,0.1711717953,0.3905254126,-0.1885113389,0.4824697691,3.370128635,0.3380007042,2.839424985,0.2417835215,0.525301352,0.3965008261,0.401255918,False,False,False
absolute_alpha_reactivity_db,STAI_trait,CP1,137,0.1672502003,0.1898199247,0.3782640832,-0.2047900156,0.5392904162,3.152760172,0.3686669399,2.391831066,0.3024269456,0.525301352,0.4164570987,0.401255918,False,False,False
absolute_alpha_reactivity_db,STAI_trait,CP2,137,0.1059017726,0.179158152,0.5544482256,-0.2452417529,0.4570452981,2.776443199,0.4273924813,2.073490241,0.3546070088,0.593356873,0.4573849361,0.4241377948,False,False,False
absolute_alpha_reactivity_db,STAI_trait,CP6,137,0.2167217716,0.1947012842,0.2656659862,-0.1648857331,0.5983292763,3.646325121,0.3022742029,2.5284429,0.2824591191,0.525301352,0.3763005383,0.401255918,False,False,False
absolute_alpha_reactivity_db,STAI_trait,AFz,137,0.1789709664,0.2403029245,0.4564093714,-0.292014111,0.6499560437,4.943597088,0.1759741401,3.00386568,0.2226993017,0.525301352,0.2752416037,0.401255918,False,False,False
absolute_alpha_reactivity_db,STAI_trait,P7,137,0.3024122801,0.2632579997,0.2506674598,-0.213563918,0.8183884782,3.504951177,0.3201205372,2.228404956,0.3281769029,0.525301352,0.38288927,0.401255918,False,False,False
absolute_alpha_reactivity_db,STAI_trait,P3,137,0.4219009665,0.2370858605,0.07515321144,-0.04277878138,0.8865807143,4.574707217,0.2057225918,1.931506783,0.3806962784,0.525301352,0.291350943,0.4465860188,False,False,False
absolute_alpha_reactivity_db,STAI_trait,Pz,137,0.2582429121,0.2076486415,0.2136272012,-0.1487409466,0.6652267708,8.325959759,0.03973422394,3.969309878,0.137428027,0.525301352,0.2582951269,0.401255918,False,False,False
absolute_alpha_reactivity_db,STAI_trait,P4,137,0.3410879317,0.2367804129,0.1497191284,-0.1229931499,0.8051690133,5.276264301,0.1526500007,2.519861858,0.2836736194,0.525301352,0.2582951269,0.401255918,False,False,False
absolute_alpha_reactivity_db,STAI_trait,P8,137,0.4335452791,0.277361489,0.1180277736,-0.11007325,0.9771638081,7.705794523,0.05249993582,2.345880685,0.3094556965,0.525301352,0.2582951269,0.401255918,False,False,False
absolute_alpha_reactivity_db,STAI_trait,PO9,137,0.2868260877,0.2792340345,0.3043315458,-0.2604625632,0.8341147385,7.31731307,0.06244301159,3.347370652,0.1875545906,0.525301352,0.2582951269,0.401255918,False,False,False
absolute_alpha_reactivity_db,STAI_trait,O1,137,0.4230059039,0.35283098,0.2305703124,-0.2685301095,1.114541917,6.608247364,0.0854898686,2.545092813,0.28011742,0.525301352,0.2582951269,0.401255918,False,False,False
absolute_alpha_reactivity_db,STAI_trait,Oz,137,0.45177927,0.3286293671,0.1692126941,-0.1923224538,1.095880994,8.029482938,0.04540629585,2.312547334,0.3146565139,0.525301352,0.2582951269,0.401255918,False,False,False
absolute_alpha_reactivity_db,STAI_trait,O2,137,0.559613552,0.32320715,0.08337344756,-0.0738608215,1.193087925,10.75093474,0.01315179856,2.267820379,0.3217726015,0.525301352,0.2582951269,0.401255918,False,False,False
absolute_alpha_reactivity_db,STAI_trait,PO10,137,0.3147439695,0.309707154,0.3095040892,-0.2922708982,0.9217588371,4.088743534,0.2520395071,1.516731921,0.4684312372,0.525301352,0.3384777967,0.5102554548,False,False,False
absolute_alpha_reactivity_db,STAI_trait,AF7,137,0.3458647514,0.2365946147,0.1437835773,-0.1178521723,0.8095816752,6.381108896,0.09447106321,2.224013429,0.3288982934,0.525301352,0.2582951269,0.401255918,False,False,False
absolute_alpha_reactivity_db,STAI_trait,AF3,137,0.2595617436,0.2443869553,0.2881933392,-0.219427887,0.7385513743,5.234065342,0.1554384653,2.611091536,0.2710245781,0.525301352,0.2582951269,0.401255918,False,False,False
absolute_alpha_reactivity_db,STAI_trait,AF4,137,0.2368813162,0.2475303527,0.3385779224,-0.2482692603,0.7220318926,6.021500301,0.1105688613,3.348907117,0.1874105605,0.525301352,0.2582951269,0.401255918,False,False,False
absolute_alpha_reactivity_db,STAI_trait,AF8,137,0.2681412432,0.227261594,0.2380482366,-0.1772832962,0.7135657826,6.072821062,0.1081205745,3.508851887,0.1730065293,0.525301352,0.2582951269,0.401255918,False,False,False
absolute_alpha_reactivity_db,STAI_trait,F5,137,0.2695972439,0.2435912313,0.2683973289,-0.2078327965,0.7470272843,6.335534292,0.09637923924,3.169257541,0.2050238899,0.525301352,0.2582951269,0.401255918,False,False,False
absolute_alpha_reactivity_db,STAI_trait,F1,137,0.1913376279,0.249991747,0.444047812,-0.2986371926,0.6813124485,5.545916491,0.1359179512,3.351662487,0.1871525455,0.525301352,0.2582951269,0.401255918,False,False,False
absolute_alpha_reactivity_db,STAI_trait,F2,137,0.1796974687,0.247587467,0.4679651383,-0.3055650497,0.6649599871,5.553789427,0.1354565779,3.654648564,0.160843364,0.5286272859,0.2582951269,0.401255918,False,False,False
absolute_alpha_reactivity_db,STAI_trait,F6,137,0.1844123934,0.2308274809,0.4243375488,-0.2680011557,0.6368259426,6.481865076,0.09038045079,4.150045311,0.125553583,0.525301352,0.2582951269,0.401255918,False,False,False
absolute_alpha_reactivity_db,STAI_trait,FT7,137,0.2328837708,0.1989111491,0.2416820128,-0.1569749176,0.6227424593,8.333369143,0.03960171583,4.818022539,0.0899041416,0.525301352,0.2582951269,0.401255918,False,False,False
absolute_alpha_reactivity_db,STAI_trait,FC3,137,0.2089018361,0.2468306196,0.3973648855,-0.2748772885,0.6926809608,5.625247943,0.1313363921,3.469902713,0.1764087812,0.525301352,0.2582951269,0.401255918,False,False,False
absolute_alpha_reactivity_db,STAI_trait,FC4,137,0.2350824926,0.2380945651,0.3234714496,-0.2315742799,0.7017392651,5.052748442,0.1679751424,3.203829601,0.2015102963,0.525301352,0.2696443075,0.401255918,False,False,False
absolute_alpha_reactivity_db,STAI_trait,FT8,137,0.2318920164,0.1872389546,0.2155375081,-0.135089591,0.5988736239,6.144798616,0.1047740856,4.493871238,0.1057227033,0.525301352,0.2582951269,0.401255918,False,False,False
absolute_alpha_reactivity_db,STAI_trait,C5,137,0.188578167,0.1753452279,0.2821652885,-0.1550921644,0.5322484985,6.69900952,0.08213595167,4.749774285,0.09302498719,0.525301352,0.2582951269,0.401255918,False,False,False
absolute_alpha_reactivity_db,STAI_trait,C1,137,0.190812446,0.220988011,0.3878892336,-0.2423160966,0.6239409887,4.779250375,0.1886937801,3.019955657,0.2209148759,0.525301352,0.2861921501,0.401255918,False,False,False
absolute_alpha_reactivity_db,STAI_trait,C2,137,0.1721242126,0.2180549696,0.4299007117,-0.2552556744,0.5995040997,1.880464878,0.59758331,1.011039337,0.6031920341,0.525301352,0.6178403713,0.6132452346,False,False,False
absolute_alpha_reactivity_db,STAI_trait,C6,137,0.1269722476,0.1688666296,0.4521061095,-0.2040002646,0.4579447598,1.355911179,0.7159011393,1.072581496,0.5849138264,0.525301352,0.727832825,0.6047414137,False,False,False
absolute_alpha_reactivity_db,STAI_trait,TP7,137,0.07923104239,0.1707286128,0.6425933352,-0.2553908899,0.4138529746,3.216611188,0.3594184571,2.986925825,0.2245935595,0.6533032241,0.4136702997,0.401255918,False,False,False
absolute_alpha_reactivity_db,STAI_trait,CP3,137,0.1957219429,0.1782962222,0.2723203702,-0.1537322312,0.5451761169,3.996402187,0.2618528909,3.36849037,0.185584461,0.525301352,0.3398516244,0.401255918,False,False,False
absolute_alpha_reactivity_db,STAI_trait,CPz,137,0.1472749785,0.1972297547,0.4552338922,-0.2392882374,0.5338381944,2.040979815,0.5639449035,1.206460465,0.5470417071,0.525301352,0.5931144675,0.5753369678,False,False,False
absolute_alpha_reactivity_db,STAI_trait,CP4,137,0.08851608372,0.1709412706,0.6045868222,-0.24652265,0.4235548175,3.03552537,0.3861802291,2.818713275,0.2443004063,0.6357838027,0.4215612511,0.401255918,False,False,False
absolute_alpha_reactivity_db,STAI_trait,TP8,137,0.2388065251,0.2038744079,0.2414615951,-0.1607799719,0.638393022,4.597271846,0.2037762415,2.331140924,0.3117447727,0.525301352,0.291350943,0.401255918,False,False,False
absolute_alpha_reactivity_db,STAI_trait,P5,137,0.3618182229,0.2555823255,0.156874447,-0.1391139302,0.862750376,3.766814288,0.2877698545,1.731573035,0.4207205185,0.525301352,0.3657075234,0.4842255024,False,False,False
absolute_alpha_reactivity_db,STAI_trait,P1,137,0.3566200178,0.2197318534,0.1045940555,-0.07404650109,0.7872865366,5.747119715,0.1245829374,3.124592939,0.2096540538,0.525301352,0.2582951269,0.401255918,False,False,False
absolute_alpha_reactivity_db,STAI_trait,P2,137,0.1778830995,0.2062786287,0.3884983488,-0.2264155835,0.5821817824,6.13415521,0.10526261,3.87971806,0.1437242091,0.525301352,0.2582951269,0.401255918,False,False,False
absolute_alpha_reactivity_db,STAI_trait,P6,137,0.4563067115,0.2747252102,0.09672211932,-0.08214480624,0.9947582292,5.430628708,0.1428471681,1.570779736,0.45594191,0.525301352,0.2582951269,0.5102222769,False,False,False
absolute_alpha_reactivity_db,STAI_trait,PO7,137,0.3846433923,0.3274231284,0.2400909942,-0.2570941471,1.026380932,5.215642847,0.1566708147,2.495128658,0.2872034788,0.525301352,0.2582951269,0.401255918,False,False,False
absolute_alpha_reactivity_db,STAI_trait,PO3,137,0.600349624,0.2903492075,0.03867000237,0.0312756344,1.169423614,8.735577228,0.03302116855,2.342128344,0.3100368331,0.525301352,0.2582951269,0.401255918,False,False,False
absolute_alpha_reactivity_db,STAI_trait,POz,137,0.480329861,0.2619209946,0.06667283646,-0.03302585515,0.9936855772,12.3125088,0.006385825253,3.500315129,0.173746565,0.525301352,0.2582951269,0.401255918,False,False,False
absolute_alpha_reactivity_db,STAI_trait,PO4,137,0.566445506,0.2804667016,0.04341935988,0.01674087205,1.11615014,11.25064665,0.01044494433,2.673852927,0.2626516989,0.525301352,0.2582951269,0.401255918,False,False,False
absolute_alpha_reactivity_db,STAI_trait,PO8,137,0.5529185115,0.3223241857,0.08626986721,-0.0788252838,1.184662307,8.343676419,0.03941809934,1.55289898,0.4600364792,0.525301352,0.2582951269,0.5102222769,False,False,False
relative_alpha_reactivity_percentage_points,STAI_trait,Fp1,137,1.263665262,1.115740056,0.2573905247,-0.9231450637,3.450475589,5.118952986,0.1632911899,2.218704426,0.3297725143,0.4756633497,0.256415108,0.4549826984,False,False,False
relative_alpha_reactivity_percentage_points,STAI_trait,Fp2,137,1.072359892,1.114173844,0.3358131186,-1.111380715,3.2561005,5.38967228,0.1453883871,3.524538473,0.171654896,0.4756633497,0.256415108,0.3878129131,False,False,False
relative_alpha_reactivity_percentage_points,STAI_trait,F7,137,1.102022139,1.069344203,0.3027477383,-0.9938539856,3.197898264,5.623908673,0.1314125056,2.950948676,0.2286702343,0.4756633497,0.256415108,0.4042529455,False,False,False
relative_alpha_reactivity_percentage_points,STAI_trait,F3,137,1.10557841,1.111199173,0.3197646132,-1.072331949,3.283488769,9.146492115,0.02740528548,5.026309291,0.0810122707,0.4756633497,0.1294322769,0.3878129131,False,False,False
relative_alpha_reactivity_percentage_points,STAI_trait,Fz,137,0.9973051698,1.108466375,0.3682712929,-1.175249004,3.169859343,9.425919805,0.02413264974,5.07884435,0.07891198393,0.488359758,0.1294322769,0.3878129131,False,False,False
relative_alpha_reactivity_percentage_points,STAI_trait,F4,137,1.199640504,1.104281849,0.277322605,-0.9647121492,3.363993157,9.73436197,0.02096450964,5.687761498,0.05819937001,0.4756633497,0.1294322769,0.3878129131,False,False,False
relative_alpha_reactivity_percentage_points,STAI_trait,F8,137,0.4448522614,1.02580567,0.6645343843,-1.565689907,2.455394429,5.202275794,0.1575707484,4.406217505,0.1104592337,0.6989068524,0.256415108,0.3878129131,False,False,False
relative_alpha_reactivity_percentage_points,STAI_trait,FC5,137,1.091623787,1.05488488,0.3007495199,-0.9759125846,3.159160159,9.508861708,0.02323727337,5.422044819,0.0664688136,0.4756633497,0.1294322769,0.3878129131,False,False,False
relative_alpha_reactivity_percentage_points,STAI_trait,FC1,137,1.245318898,1.152529786,0.2799155459,-1.013597974,3.50423577,8.137438917,0.04325503502,4.455630755,0.107763596,0.4756633497,0.1404787764,0.3878129131,False,False,False
relative_alpha_reactivity_percentage_points,STAI_trait,FC2,137,1.431939223,1.119221896,0.2007541177,-0.7616953837,3.62557383,9.756128397,0.02075704592,4.867203681,0.08772030832,0.4756633497,0.1294322769,0.3878129131,False,False,False
relative_alpha_reactivity_percentage_points,STAI_trait,FC6,137,0.8654594642,1.036750401,0.4038410649,-1.166533983,2.897452911,4.671684107,0.1974782228,3.539389787,0.1703849665,0.524134148,0.2868136093,0.3878129131,False,False,False
relative_alpha_reactivity_percentage_points,STAI_trait,T7,137,0.3622099625,0.8161182757,0.6571724179,-1.237352465,1.96177239,7.520550467,0.05703276707,6.192590811,0.04521640093,0.6989068524,0.1576381452,0.3878129131,False,False,False
relative_alpha_reactivity_percentage_points,STAI_trait,C3,137,0.6910009939,0.9613292618,0.4722657471,-1.193169737,2.575171724,2.893962639,0.4082646387,2.616953459,0.2702313786,0.5524162592,0.4698894899,0.4194283938,False,False,False
relative_alpha_reactivity_percentage_points,STAI_trait,Cz,137,1.099730945,1.08802682,0.3121326515,-1.032762437,3.232224327,5.05043535,0.1681410544,3.046148619,0.2180405314,0.4756633497,0.256415108,0.4042529455,False,False,False
relative_alpha_reactivity_percentage_points,STAI_trait,C4,137,0.5892113827,0.9276078437,0.5253015824,-1.228866583,2.407289348,0.4535937337,0.9289617544,0.1357135425,0.9343942961,0.5826072095,0.9289617544,0.9343942961,False,False,False
relative_alpha_reactivity_percentage_points,STAI_trait,T8,137,0.3281742934,0.8337957701,0.6938832197,-1.306035387,1.962383973,3.611931126,0.3065325462,3.581472645,0.1668372784,0.7048227432,0.3816017412,0.3878129131,False,False,False
relative_alpha_reactivity_percentage_points,STAI_trait,CP5,137,1.048192936,0.9605954719,0.2751889379,-0.8345395929,2.930925464,3.850995004,0.2780100164,2.107915203,0.3485555719,0.4756633497,0.3533043958,0.4622149975,False,False,False
relative_alpha_reactivity_percentage_points,STAI_trait,CP1,137,0.6798439533,1.035404819,0.5114399199,-1.349512202,2.709200109,2.208298131,0.5303157482,1.919813337,0.3829286236,0.5777376873,0.5776653686,0.4866384591,False,False,False
relative_alpha_reactivity_percentage_points,STAI_trait,CP2,137,0.3828564266,1.010659605,0.7048227432,-1.597999999,2.363712852,1.647501741,0.6486677153,1.470389321,0.4794121274,0.7048227432,0.6759067965,0.5415581439,False,False,False
relative_alpha_reactivity_percentage_points,STAI_trait,CP6,137,1.205202008,1.07117944,0.2605395338,-0.8942711163,3.304675132,2.255101582,0.5211767749,1.038890472,0.5948504581,0.4756633497,0.5776653686,0.6150148804,False,False,False
relative_alpha_reactivity_percentage_points,STAI_trait,AFz,137,1.090716989,1.11044908,0.3259862899,-1.085723215,3.267157194,7.045779782,0.07045284139,3.58706056,0.1663717927,0.4756633497,0.171904933,0.3878129131,False,False,False
relative_alpha_reactivity_percentage_points,STAI_trait,P7,137,1.906171053,1.190653581,0.1093890726,-0.4274670844,4.239809191,5.231177382,0.1556310455,3.054365479,0.2171465648,0.4756633497,0.256415108,0.4042529455,False,False,False
relative_alpha_reactivity_percentage_points,STAI_trait,P3,137,2.022618959,1.156875364,0.08040405111,-0.2448150894,4.290053007,5.07880442,0.1661168125,2.39510443,0.3019323737,0.4458770107,0.256415108,0.4385208284,False,False,False
relative_alpha_reactivity_percentage_points,STAI_trait,Pz,137,1.270702752,1.09509077,0.2459010664,-0.8756357172,3.417041221,6.007781163,0.1112322677,3.751290063,0.1532560799,0.4756633497,0.2423274403,0.3878129131,False,False,False
relative_alpha_reactivity_percentage_points,STAI_trait,P4,137,1.819677194,1.252974911,0.1464222601,-0.6361085058,4.275462894,3.950734988,0.2668332359,1.981234162,0.3713474688,0.4756633497,0.3463154764,0.4819616084,False,False,False
relative_alpha_reactivity_percentage_points,STAI_trait,P8,137,2.347760484,1.326373479,0.07671716559,-0.251883764,4.947404732,5.454632909,0.1413773924,1.820653476,0.4023927255,0.4458770107,0.256415108,0.5009378828,False,False,False
relative_alpha_reactivity_percentage_points,STAI_trait,PO9,137,1.566122727,1.261269216,0.2143458824,-0.9059195111,4.038164965,7.653343794,0.05374657784,3.160502406,0.2059233631,0.4756633497,0.1561210118,0.4042529455,False,False,False
relative_alpha_reactivity_percentage_points,STAI_trait,O1,137,3.004018334,1.484473667,0.04300872929,0.09450341037,5.913533258,11.27618601,0.01032244384,2.981942931,0.2251538201,0.4132596164,0.1294322769,0.4042529455,False,False,False
relative_alpha_reactivity_percentage_points,STAI_trait,Oz,137,2.869716283,1.393688009,0.03948649446,0.1381379802,5.601294586,16.35300709,0.0009598258676,2.733865041,0.2548876241,0.4132596164,0.05854937792,0.4194283938,False,False,False
relative_alpha_reactivity_percentage_points,STAI_trait,O2,137,3.144001093,1.377061503,0.02242311112,0.4450101431,5.842992043,14.41708897,0.00238904616,2.683821212,0.2613458623,0.4132596164,0.07286590787,0.4194283938,False,False,False
relative_alpha_reactivity_percentage_points,STAI_trait,PO10,137,1.879532685,1.425445525,0.1873169028,-0.9142892054,4.673354576,4.371492317,0.224043313,1.308985179,0.5197056998,0.4756633497,0.3099598685,0.5661079945,False,False,False
relative_alpha_reactivity_percentage_points,STAI_trait,AF7,137,1.530548906,1.156446406,0.1856714304,-0.7360444009,3.797142212,5.918577867,0.1156394888,2.407388998,0.3000835032,0.4756633497,0.2432416833,0.4385208284,False,False,False
relative_alpha_reactivity_percentage_points,STAI_trait,AF3,137,1.255885285,1.131924905,0.2672089823,-0.9626467626,3.474417332,8.450250225,0.03756762671,3.81961537,0.1481088674,0.4756633497,0.1404787764,0.3878129131,False,False,False
relative_alpha_reactivity_percentage_points,STAI_trait,AF4,137,1.064403121,1.118000757,0.3410668623,-1.126838099,3.25564434,7.332519084,0.06202156533,4.01664821,0.1342134139,0.4756633497,0.1576381452,0.3878129131,False,False,False
relative_alpha_reactivity_percentage_points,STAI_trait,AF8,137,0.8135448504,1.119459273,0.4673912551,-1.380555006,3.007644707,5.202445083,0.1575593207,3.619987649,0.1636551474,0.5524162592,0.256415108,0.3878129131,False,False,False
relative_alpha_reactivity_percentage_points,STAI_trait,F5,137,1.13452869,1.135824514,0.3178629352,-1.09164645,3.36070383,7.677688175,0.05316442665,3.919750575,0.1408759888,0.4756633497,0.1561210118,0.3878129131,False,False,False
relative_alpha_reactivity_percentage_points,STAI_trait,F1,137,1.144775626,1.124473024,0.3086517168,-1.059151002,3.348702254,9.850946229,0.01987658038,5.069402029,0.07928542093,0.4756633497,0.1294322769,0.3878129131,False,False,False
relative_alpha_reactivity_percentage_points,STAI_trait,F2,137,1.125511532,1.11198366,0.3114589136,-1.053936392,3.304959456,9.19897443,0.02675911323,4.982421447,0.08280964626,0.4756633497,0.1294322769,0.3878129131,False,False,False
relative_alpha_reactivity_percentage_points,STAI_trait,F6,137,0.8530172494,1.090222068,0.4339647127,-1.283778739,2.989813238,9.096450175,0.02803563739,6.144709013,0.04631198453,0.5514968224,0.1294322769,0.3878129131,False,False,False
relative_alpha_reactivity_percentage_points,STAI_trait,FT7,137,0.549661269,0.982619878,0.5759000736,-1.376238302,2.47556084,5.084617249,0.1657048827,3.691284683,0.1579238472,0.627319723,0.256415108,0.3878129131,False,False,False
relative_alpha_reactivity_percentage_points,STAI_trait,FC3,137,1.127418811,1.100702221,0.3057066708,-1.029917899,3.284755522,8.345651025,0.03938301817,4.706604673,0.09505474058,0.4756633497,0.1404787764,0.3878129131,False,False,False
relative_alpha_reactivity_percentage_points,STAI_trait,FC4,137,1.472601145,1.089970839,0.1766805794,-0.663702444,3.608904735,8.394238695,0.0385293384,4.717070316,0.09455863527,0.4756633497,0.1404787764,0.3878129131,False,False,False
relative_alpha_reactivity_percentage_points,STAI_trait,FT8,137,1.124663763,0.9377607368,0.2304082845,-0.7133135069,2.962641033,5.762761086,0.1237405021,4.279878901,0.1176619672,0.4756633497,0.2516056877,0.3878129131,False,False,False
relative_alpha_reactivity_percentage_points,STAI_trait,C5,137,0.7756688345,0.8602582432,0.3672323271,-0.9104063395,2.461744009,6.648982773,0.08396857463,5.198671809,0.07432291933,0.488359758,0.1970031943,0.3878129131,False,False,False
relative_alpha_reactivity_percentage_points,STAI_trait,C1,137,1.002456958,1.057382653,0.3431014325,-1.069974959,3.074888875,6.263921239,0.09945257417,4.250292008,0.1194155319,0.4756633497,0.2246891491,0.3878129131,False,False,False
relative_alpha_reactivity_percentage_points,STAI_trait,C2,137,1.210300226,1.104768101,0.2732870349,-0.9550054622,3.375605915,2.7027656,0.4397575143,1.476100795,0.4780450052,0.4756633497,0.4967631179,0.5415581439,False,False,False
relative_alpha_reactivity_percentage_points,STAI_trait,C6,137,0.6611849597,0.8999024442,0.4625041917,-1.102591421,2.42496134,0.6860488971,0.8764803802,0.2879148926,0.8659245956,0.5524162592,0.8910883865,0.8803566722,False,False,False
relative_alpha_reactivity_percentage_points,STAI_trait,TP7,137,0.3179723167,0.7771101849,0.6824128857,-1.205135658,1.841080291,3.348068455,0.3410082497,3.079175477,0.2144695007,0.7048227432,0.4000289083,0.4042529455,False,False,False
relative_alpha_reactivity_percentage_points,STAI_trait,CP3,137,1.034182357,0.9893430515,0.295874033,-0.9048943922,2.973259106,3.350916636,0.340618636,2.581713744,0.2750350123,0.4756633497,0.4000289083,0.4194283938,False,False,False
relative_alpha_reactivity_percentage_points,STAI_trait,CPz,137,0.7653198067,1.061631158,0.4709768936,-1.315439027,2.84607864,1.624949919,0.6537459179,1.06206223,0.587998363,0.5524162592,0.6759067965,0.6150148804,False,False,False
relative_alpha_reactivity_percentage_points,STAI_trait,CP4,137,0.6640803744,0.9401527919,0.4799682252,-1.178585238,2.506745986,2.023441774,0.5675555605,1.564377046,0.4574038762,0.5524162592,0.6073840209,0.5365699317,False,False,False
relative_alpha_reactivity_percentage_points,STAI_trait,TP8,137,1.355978914,1.013580158,0.1809579813,-0.6306016907,3.342559519,3.413599422,0.3321420801,1.591339334,0.4512789271,0.4756633497,0.4000289083,0.5365699317,False,False,False
relative_alpha_reactivity_percentage_points,STAI_trait,P5,137,1.841435906,1.199643802,0.1247873766,-0.5098227408,4.192694553,4.169284134,0.2437551742,1.767066894,0.4133198846,0.4756633497,0.3232405571,0.5042502592,False,False,False
relative_alpha_reactivity_percentage_points,STAI_trait,P1,137,1.696337099,1.165920385,0.1456875604,-0.5888248651,3.981499062,4.801419412,0.1869292339,2.922480594,0.2319484113,0.4756633497,0.2781142261,0.4042529455,False,False,False
relative_alpha_reactivity_percentage_points,STAI_trait,P2,137,1.16412622,1.129010219,0.3024923566,-1.048693147,3.376945586,4.322719772,0.2286589194,3.098444042,0.2124131626,0.4756633497,0.3099598685,0.4042529455,False,False,False
relative_alpha_reactivity_percentage_points,STAI_trait,P6,137,2.419390321,1.346138592,0.07229090243,-0.2189928379,5.057773479,4.610563201,0.2026377874,1.330638305,0.5141094223,0.4458770107,0.2874629077,0.5661079945,False,False,False
relative_alpha_reactivity_percentage_points,STAI_trait,PO7,137,2.763955682,1.406016843,0.04932107903,0.008213308249,5.519698055,7.366917398,0.06107834027,2.183414521,0.3356429742,0.4132596164,0.1576381452,0.4549826984,False,False,False
relative_alpha_reactivity_percentage_points,STAI_trait,PO3,137,3.046678366,1.326351348,0.02161664856,0.4470774939,5.646279238,8.969009792,0.02970576846,2.253764422,0.3240419777,0.4132596164,0.1294322769,0.4549826984,False,False,False
relative_alpha_reactivity_percentage_points,STAI_trait,POz,137,2.378816439,1.235587784,0.05419798248,-0.04289111697,4.800523995,11.6500206,0.008683453641,3.541619757,0.1701950957,0.4132596164,0.1294322769,0.3878129131,False,False,False
relative_alpha_reactivity_percentage_points,STAI_trait,PO4,137,2.892136656,1.322363494,0.02873547531,0.3003518335,5.483921479,9.371361627,0.02473997871,2.704485163,0.2586595446,0.4132596164,0.1294322769,0.4194283938,False,False,False
relative_alpha_reactivity_percentage_points,STAI_trait,PO8,137,3.326797933,1.46174501,0.02285148504,0.4618303582,6.191765508,8.111855184,0.04375568444,1.248738843,0.5355990592,0.4132596164,0.1404787764,0.5731849581,False,False,False
absolute_alpha_reactivity_db,MSPSS_total,Fp1,137,-0.4073131954,0.2525485237,0.1067854393,-0.9022992062,0.08767281536,23.1333897,3.787847162e-05,5.446357033,0.06566570284,0.1618729021,0.0001834048064,0.1641962892,True,False,False
absolute_alpha_reactivity_db,MSPSS_total,Fp2,137,-0.4845267032,0.261102564,0.06349705451,-0.996278325,0.02722491863,16.51239734,0.0008901614724,5.044510961,0.08027833618,0.1580764754,0.001809994994,0.1641962892,True,False,False
absolute_alpha_reactivity_db,MSPSS_total,F7,137,-0.2790237266,0.23486721,0.2348309252,-0.7393549994,0.1813075462,18.81298779,0.00029885157,7.290069703,0.0261204995,0.2513102884,0.000708807447,0.1641962892,True,False,False
absolute_alpha_reactivity_db,MSPSS_total,F3,137,-0.4083265546,0.2379511734,0.08616024176,-0.8747022846,0.05804917536,19.44426313,0.0002212535436,4.887757383,0.08682343618,0.1580764754,0.0006134757346,0.1641962892,True,False,False
absolute_alpha_reactivity_db,MSPSS_total,Fz,137,-0.4075023425,0.2345681904,0.0823439902,-0.8672475476,0.0522428625,24.87618682,1.638877276e-05,5.226708245,0.07328831306,0.1580764754,0.0001428164484,0.1641962892,True,False,False
absolute_alpha_reactivity_db,MSPSS_total,F4,137,-0.459392742,0.2507329797,0.06692176154,-0.9508203519,0.03203486788,16.37148762,0.0009514788696,4.719770846,0.09443104218,0.1580764754,0.001872264872,0.1645798164,True,False,False
absolute_alpha_reactivity_db,MSPSS_total,F8,137,-0.4583051611,0.2433200391,0.05962603669,-0.9352036745,0.01859335234,14.20627748,0.002637404723,5.502085217,0.06386124421,0.1580764754,0.004348153732,0.1641962892,True,False,False
absolute_alpha_reactivity_db,MSPSS_total,FC5,137,-0.3821841595,0.2249849189,0.08937381494,-0.8231464976,0.05877817862,13.95057156,0.002973211207,4.506192236,0.1050734008,0.1580764754,0.004772786412,0.1780410402,True,False,False
absolute_alpha_reactivity_db,MSPSS_total,FC1,137,-0.3023823732,0.23053176,0.1896303617,-0.75421632,0.1494515737,15.3553654,0.001536822081,4.198592871,0.1225426146,0.2182538125,0.002878850742,0.1889659173,True,False,False
absolute_alpha_reactivity_db,MSPSS_total,FC2,137,-0.3297401355,0.2392063953,0.1680565528,-0.7985760551,0.1390957842,15.32711018,0.001557411057,3.893143493,0.1427626602,0.1971432638,0.002878850742,0.1900003031,True,False,False
absolute_alpha_reactivity_db,MSPSS_total,FC6,137,-0.407405568,0.2484618254,0.1010652876,-0.8943817973,0.07957066129,8.863516118,0.03116164461,3.755561024,0.1529291538,0.1580764754,0.03520111706,0.1903811914,True,False,False
absolute_alpha_reactivity_db,MSPSS_total,T7,137,-0.3423622233,0.1892966985,0.07051299245,-0.7133769348,0.0286524882,10.62309997,0.01394867398,4.931455525,0.08494699864,0.1580764754,0.01772643984,0.1641962892,True,False,False
absolute_alpha_reactivity_db,MSPSS_total,C3,137,-0.4344794101,0.1965267969,0.02705040636,-0.8196648541,-0.04929396613,32.56338251,3.981317245e-07,5.434276202,0.06606355134,0.1580764754,1.21430176e-05,0.1641962892,True,False,False
absolute_alpha_reactivity_db,MSPSS_total,Cz,137,-0.2764199569,0.2365566298,0.2425991151,-0.7400624317,0.1872225178,5.122527607,0.1630418155,2.956869508,0.2279942764,0.2551473452,0.1657591791,0.231794181,False,False,False
absolute_alpha_reactivity_db,MSPSS_total,C4,137,-0.2546028631,0.1969636241,0.1961359426,-0.6406444726,0.1314387464,6.281938346,0.09867061894,2.980265236,0.225342769,0.220377504,0.1037742716,0.231794181,False,False,False
absolute_alpha_reactivity_db,MSPSS_total,T8,137,-0.4047793837,0.1598505431,0.01133375106,-0.718080691,-0.09147807642,36.97076765,4.667375897e-08,5.97347114,0.05045186478,0.1580764754,2.847099297e-06,0.1641962892,True,False,False
absolute_alpha_reactivity_db,MSPSS_total,CP5,137,-0.5230048841,0.2002396889,0.009004211203,-0.9154674626,-0.1305423055,12.21495154,0.00668195467,4.778743993,0.09168724573,0.1580764754,0.009704743687,0.1644977056,True,False,False
absolute_alpha_reactivity_db,MSPSS_total,CP1,137,-0.3797833544,0.1976491129,0.05466833025,-0.7671684972,0.007601788463,27.78707339,4.025656754e-06,7.639416851,0.02193419541,0.1580764754,6.629267142e-05,0.1641962892,True,False,False
absolute_alpha_reactivity_db,MSPSS_total,CP2,137,-0.2859947766,0.1965629141,0.1456752662,-0.6712510089,0.09926145565,19.77471566,0.0001890021852,5.949361439,0.05106373507,0.1777238247,0.0005490063475,0.1641962892,True,False,False
absolute_alpha_reactivity_db,MSPSS_total,CP6,137,-0.3043043069,0.1843412682,0.09878635534,-0.6656065535,0.05699793973,13.18237137,0.004258364996,5.503956822,0.06380151067,0.1580764754,0.006335616213,0.1641962892,True,False,False
absolute_alpha_reactivity_db,MSPSS_total,AFz,137,-0.5051295872,0.2387746326,0.03438669459,-0.9731192675,-0.03713990689,19.27581122,0.000239745174,5.027245963,0.08097433864,0.1580764754,0.0006358458963,0.1641962892,True,False,False
absolute_alpha_reactivity_db,MSPSS_total,P7,137,-0.4313890076,0.2453287922,0.07867749142,-0.9122246048,0.04944658953,21.58415382,7.960623751e-05,6.235893444,0.0442479285,0.1580764754,0.0002697766938,0.1641962892,True,False,False
absolute_alpha_reactivity_db,MSPSS_total,P3,137,-0.5444299358,0.2557529623,0.0332763035,-1.045696531,-0.04316334075,15.24428298,0.00161935597,5.648642245,0.05934893381,0.1580764754,0.002905315123,0.1641962892,True,False,False
absolute_alpha_reactivity_db,MSPSS_total,Pz,137,-0.469117063,0.2467897035,0.05731802351,-0.9528159935,0.01458186757,14.51482706,0.002281908621,4.172567745,0.1241476281,0.1580764754,0.003866567386,0.1889659173,True,False,False
absolute_alpha_reactivity_db,MSPSS_total,P4,137,-0.4429860513,0.2550342384,0.08239299908,-0.9428439734,0.05687187075,10.21656091,0.01681220785,3.855650031,0.1454642372,0.1580764754,0.0201087192,0.1900003031,True,False,False
absolute_alpha_reactivity_db,MSPSS_total,P8,137,-0.4538048676,0.2453961679,0.06441819075,-0.9347725187,0.02716278355,16.94947407,0.0007238550999,5.463998378,0.06508903424,0.1580764754,0.001576970039,0.1641962892,True,False,False
absolute_alpha_reactivity_db,MSPSS_total,PO9,137,-0.32965742,0.2564906054,0.1987010282,-0.832369769,0.1730549289,26.93625702,6.071318441e-06,6.873004326,0.03217703875,0.220377504,6.629267142e-05,0.1641962892,True,False,False
absolute_alpha_reactivity_db,MSPSS_total,O1,137,-0.2920753029,0.3025405763,0.3343401482,-0.8850439363,0.3008933306,17.27699133,0.0006198281597,3.98038613,0.1366690369,0.3343401482,0.001400352509,0.1894729829,True,False,False
absolute_alpha_reactivity_db,MSPSS_total,Oz,137,-0.2990745998,0.3000829199,0.31893935,-0.8872263151,0.2890771156,9.7512422,0.02080344182,3.392052367,0.1834109192,0.3242550059,0.02440403752,0.2098093947,True,False,False
absolute_alpha_reactivity_db,MSPSS_total,O2,137,-0.3594833268,0.289453232,0.214258981,-0.9268012368,0.2078345832,14.9195201,0.001886732246,3.80080493,0.1495084352,0.2333892472,0.003288304772,0.1900003031,True,False,False
absolute_alpha_reactivity_db,MSPSS_total,PO10,137,-0.3530112519,0.3053187181,0.2475970159,-0.9514249433,0.2454024394,4.995037093,0.1721609137,3.240602172,0.1978391236,0.2559901351,0.1721609137,0.215503331,False,False,False
absolute_alpha_reactivity_db,MSPSS_total,AF7,137,-0.346567919,0.236531099,0.1428634161,-0.8101603543,0.1170245163,23.95091855,2.557634813e-05,5.359283986,0.06858770465,0.1777238247,0.0001560157236,0.1641962892,True,False,False
absolute_alpha_reactivity_db,MSPSS_total,AF3,137,-0.4210371798,0.243765869,0.08412823721,-0.8988095036,0.05673514411,22.76979663,4.509954256e-05,5.841370769,0.05389673465,0.1580764754,0.0001834048064,0.1641962892,True,False,False
absolute_alpha_reactivity_db,MSPSS_total,AF4,137,-0.4673799629,0.2505594654,0.06213299601,-0.9584674911,0.02370756534,22.0379175,6.405677092e-05,5.573724786,0.0616142322,0.1580764754,0.0002442164391,0.1641962892,True,False,False
absolute_alpha_reactivity_db,MSPSS_total,AF8,137,-0.4843616417,0.2478138123,0.05063756407,-0.9700677886,0.001344505171,18.79016709,0.0003021146495,5.101620492,0.07801842628,0.1580764754,0.000708807447,0.1641962892,True,False,False
absolute_alpha_reactivity_db,MSPSS_total,F5,137,-0.3980393895,0.2380623864,0.09452508464,-0.864633093,0.06855431399,23.06417682,3.915807157e-05,5.727715673,0.05704825237,0.1580764754,0.0001834048064,0.1641962892,True,False,False
absolute_alpha_reactivity_db,MSPSS_total,F1,137,-0.3973623301,0.2352451404,0.09119231584,-0.8584343327,0.06370967251,22.80868167,4.426597017e-05,4.950264614,0.08415185564,0.1580764754,0.0001834048064,0.1641962892,True,False,False
absolute_alpha_reactivity_db,MSPSS_total,F2,137,-0.4172486864,0.2408405162,0.08319012284,-0.8892874241,0.05479005133,23.04973811,3.943039539e-05,4.895870641,0.08647193913,0.1580764754,0.0001834048064,0.1641962892,True,False,False
absolute_alpha_reactivity_db,MSPSS_total,F6,137,-0.5000067734,0.2521567785,0.04737634229,-0.9942249777,-0.005788569046,16.64902199,0.0008344609487,5.536078268,0.06278499709,0.1580764754,0.001755245444,0.1641962892,True,False,False
absolute_alpha_reactivity_db,MSPSS_total,FT7,137,-0.3475713849,0.2028787499,0.08667619525,-0.7452064279,0.05006365805,26.96769055,5.979895342e-06,8.768901367,0.01246973608,0.1580764754,6.629267142e-05,0.1641962892,True,False,False
absolute_alpha_reactivity_db,MSPSS_total,FC3,137,-0.3487465742,0.2323749364,0.1334092252,-0.8041930804,0.106699932,18.80200076,0.0003004181807,4.071968489,0.1305519242,0.1777238247,0.000708807447,0.1889659173,True,False,False
absolute_alpha_reactivity_db,MSPSS_total,FC4,137,-0.3763498999,0.2509640497,0.1337136987,-0.8682303988,0.1155305989,10.2461136,0.01658586349,4.031724721,0.1332054827,0.1777238247,0.0201087192,0.1889659173,True,False,False
absolute_alpha_reactivity_db,MSPSS_total,FT8,137,-0.3645980183,0.2047969167,0.0750284206,-0.7659925991,0.03679656256,24.30107823,2.161327126e-05,7.986818398,0.0184367523,0.1580764754,0.0001464899497,0.1641962892,True,False,False
absolute_alpha_reactivity_db,MSPSS_total,C5,137,-0.3919870338,0.2007431745,0.05085761255,-0.7854364259,0.00146235838,8.292567664,0.04033679056,3.456307836,0.1776119938,0.1580764754,0.04393828972,0.2083525312,True,False,False
absolute_alpha_reactivity_db,MSPSS_total,C1,137,-0.3104817255,0.2195668263,0.1573428702,-0.7408247973,0.1198613462,11.77731606,0.008186244691,4.842117968,0.08882750072,0.1881944134,0.01134911196,0.1641962892,True,False,False
absolute_alpha_reactivity_db,MSPSS_total,C2,137,-0.3420105412,0.2132752496,0.1087998195,-0.7600223493,0.07600126682,11.91660365,0.007674370031,4.168268344,0.1244147954,0.1618729021,0.01088689702,0.1889659173,True,False,False
absolute_alpha_reactivity_db,MSPSS_total,C6,137,-0.2986601995,0.2011502145,0.1376068752,-0.6929073755,0.09558697641,6.229037691,0.1009834719,3.134639872,0.2086035046,0.1777238247,0.1044066405,0.2193933411,False,False,False
absolute_alpha_reactivity_db,MSPSS_total,TP7,137,-0.3302434775,0.1827306553,0.07072032246,-0.6883889807,0.02790202573,11.01141074,0.01166433313,5.307603554,0.07038312283,0.1580764754,0.01581165158,0.1641962892,True,False,False
absolute_alpha_reactivity_db,MSPSS_total,CP3,137,-0.5216867471,0.1941796053,0.007217908739,-0.90227178,-0.1411017142,21.18195863,9.650176272e-05,5.391025184,0.06750776897,0.1580764754,0.0003098214487,0.1641962892,True,False,False
absolute_alpha_reactivity_db,MSPSS_total,CPz,137,-0.3387187339,0.2037043364,0.09635329912,-0.7379718967,0.06053442897,21.84840845,7.014428066e-05,7.518656364,0.02329938807,0.1580764754,0.0002516941835,0.1641962892,True,False,False
absolute_alpha_reactivity_db,MSPSS_total,CP4,137,-0.3129726102,0.1817308963,0.08503761902,-0.669158622,0.04321340147,8.299795648,0.04020560876,3.301573818,0.1918988423,0.1580764754,0.04393828972,0.2128332615,True,False,False
absolute_alpha_reactivity_db,MSPSS_total,TP8,137,-0.3735339691,0.1865419278,0.04524033844,-0.7391494291,-0.007918509074,13.81661102,0.003165707964,5.565781351,0.06185943315,0.1580764754,0.004951491944,0.1641962892,True,False,False
absolute_alpha_reactivity_db,MSPSS_total,P5,137,-0.5407673963,0.2670954576,0.04290617161,-1.064264874,-0.01726991899,10.81006853,0.01279851631,3.541171008,0.1702332873,0.1580764754,0.01661084032,0.2036123633,True,False,False
absolute_alpha_reactivity_db,MSPSS_total,P1,137,-0.4952372964,0.2355214888,0.03548967656,-0.9568509321,-0.03362366074,26.78834254,6.520590632e-06,6.264980356,0.04360906758,0.1580764754,6.629267142e-05,0.1641962892,True,False,False
absolute_alpha_reactivity_db,MSPSS_total,P2,137,-0.4953541447,0.2500893173,0.0476239245,-0.9855201996,-0.005188089783,10.55734186,0.01437691708,3.170216991,0.2049255584,0.1580764754,0.01789779473,0.2193062994,True,False,False
absolute_alpha_reactivity_db,MSPSS_total,P6,137,-0.4098642639,0.2454730665,0.09498043951,-0.8909826335,0.07125410564,24.50632677,1.958140108e-05,3.813371957,0.1485719423,0.1580764754,0.0001464899497,0.1900003031,True,False,False
absolute_alpha_reactivity_db,MSPSS_total,PO7,137,-0.4342850167,0.2950151727,0.1410001164,-1.01250413,0.1439340966,13.66688855,0.003395492669,4.038408439,0.1327610717,0.1777238247,0.005178126321,0.1889659173,True,False,False
absolute_alpha_reactivity_db,MSPSS_total,PO3,137,-0.4805287854,0.3021806094,0.1117888503,-1.072791897,0.1117343258,10.8746645,0.0124232818,3.611809531,0.1643257131,0.1623599969,0.01647435196,0.20047737,True,False,False
absolute_alpha_reactivity_db,MSPSS_total,POz,137,-0.5472801065,0.3065552334,0.07421951844,-1.148117323,0.05355711028,9.599183754,0.022299288,3.366891244,0.1857329068,0.1580764754,0.02566521826,0.2098093947,True,False,False
absolute_alpha_reactivity_db,MSPSS_total,PO4,137,-0.4601657058,0.3026719185,0.1284243164,-1.053391765,0.1330603536,7.095946954,0.06890168576,2.649770976,0.2658333984,0.1777238247,0.07373689178,0.2658333984,False,False,False
absolute_alpha_reactivity_db,MSPSS_total,PO8,137,-0.3974183407,0.2723611356,0.1445212106,-0.9312363573,0.1363996758,20.1614106,0.0001571570165,4.420751677,0.1096594265,0.1777238247,0.0004793289003,0.1807898654,True,False,False
relative_alpha_reactivity_percentage_points,MSPSS_total,Fp1,137,-1.957257342,1.217972842,0.1080588736,-4.344440246,0.4299255628,11.962363,0.007513207291,4.492748683,0.1057820598,0.1464798065,0.01478405306,0.3951744226,True,False,False
relative_alpha_reactivity_percentage_points,MSPSS_total,Fp2,137,-2.283812114,1.22020357,0.06125298751,-4.675367166,0.1077429381,23.28353031,3.524413449e-05,6.945554094,0.03103073708,0.11651563,0.0004299784408,0.3487507482,True,False,False
relative_alpha_reactivity_percentage_points,MSPSS_total,F7,137,-1.176726026,1.16377533,0.3119550868,-3.45768376,1.104231708,12.42803894,0.006051880666,8.187680583,0.01667507329,0.3119550868,0.01272981795,0.3487507482,True,False,False
relative_alpha_reactivity_percentage_points,MSPSS_total,F3,137,-1.789066471,1.098904034,0.1035151024,-3.9428788,0.3647458572,18.3586741,0.0003709332987,5.934094174,0.05145502843,0.1464798065,0.001616209373,0.3487507482,True,False,False
relative_alpha_reactivity_percentage_points,MSPSS_total,Fz,137,-1.909130073,1.066532893,0.07344845602,-3.999496132,0.1812359864,13.8406939,0.003130213796,3.844811705,0.1462546714,0.1280101662,0.008679229162,0.3951744226,True,False,False
relative_alpha_reactivity_percentage_points,MSPSS_total,F4,137,-2.213814651,1.147491383,0.05369800613,-4.462856434,0.03522713181,15.87697612,0.001201777146,3.896011988,0.14255805,0.1094576868,0.003858337153,0.3951744226,True,False,False
relative_alpha_reactivity_percentage_points,MSPSS_total,F8,137,-2.354968249,1.198239991,0.04937303934,-4.703475476,-0.006461021377,13.40671467,0.003834742848,4.890325202,0.0867120343,0.1094576868,0.009663654562,0.3951744226,True,False,False
relative_alpha_reactivity_percentage_points,MSPSS_total,FC5,137,-2.048717478,1.062508764,0.05383164926,-4.131196388,0.03376143314,20.68226632,0.0001225445444,5.948072451,0.05109665593,0.1094576868,0.001067888173,0.3487507482,True,False,False
relative_alpha_reactivity_percentage_points,MSPSS_total,FC1,137,-1.60997106,1.193054564,0.1771915073,-3.948315038,0.7283729177,3.475008099,0.3240179814,1.501944637,0.4719074851,0.1968165779,0.3467560854,0.5295332384,False,False,False
relative_alpha_reactivity_percentage_points,MSPSS_total,FC2,137,-1.654296958,1.160957657,0.1541740591,-3.929732153,0.6211382373,4.765639763,0.1897848068,1.768143052,0.4130975457,0.1844042668,0.214386541,0.5222136527,False,False,False
relative_alpha_reactivity_percentage_points,MSPSS_total,FC6,137,-2.279284569,1.161437198,0.04970789908,-4.555659648,-0.002909490588,10.14218316,0.01739539899,2.581044247,0.2751270952,0.1094576868,0.02588095947,0.4688667584,True,False,False
relative_alpha_reactivity_percentage_points,MSPSS_total,T7,137,-1.92468661,0.8145586991,0.01813461238,-3.521192323,-0.3281808964,19.77223544,0.0001892258957,6.904722914,0.03167075886,0.09246819684,0.001282531071,0.3487507482,True,False,False
relative_alpha_reactivity_percentage_points,MSPSS_total,C3,137,-2.307648174,0.9375723942,0.01384340462,-4.1452563,-0.4700400484,20.21651811,0.0001530765268,2.808631558,0.2455349992,0.09246819684,0.001167208517,0.4538677259,True,False,False
relative_alpha_reactivity_percentage_points,MSPSS_total,Cz,137,-1.398124402,1.299575904,0.2820027222,-3.94524637,1.148997565,1.966048598,0.5794832641,1.017634185,0.6012063299,0.2946017056,0.5891413185,0.6012063299,False,False,False
relative_alpha_reactivity_percentage_points,MSPSS_total,C4,137,-1.336565901,0.9167966807,0.144877725,-3.133454376,0.4603225742,6.809827393,0.07821267971,2.208507104,0.3314582063,0.1803579842,0.09939528047,0.4873511348,False,False,False
relative_alpha_reactivity_percentage_points,MSPSS_total,T8,137,-2.132405798,0.7512229547,0.004531488267,-3.604775734,-0.6600358628,32.30517149,4.513004059e-07,3.702404937,0.1570482072,0.09246819684,2.752932476e-05,0.3951744226,True,False,False
relative_alpha_reactivity_percentage_points,MSPSS_total,CP5,137,-3.081291508,1.015012882,0.002399647545,-5.0706802,-1.091902816,16.35852443,0.0009573262941,2.910301924,0.233365132,0.09246819684,0.003244272441,0.4448522828,True,False,False
relative_alpha_reactivity_percentage_points,MSPSS_total,CP1,137,-1.943792934,1.054573662,0.06529943283,-4.01071933,0.123133462,5.719069896,0.1261073804,2.04995055,0.3588053368,0.1171548648,0.1508343178,0.4951301493,False,False,False
relative_alpha_reactivity_percentage_points,MSPSS_total,CP2,137,-1.749740413,1.070305454,0.10208999,-3.847500555,0.348019729,4.994587991,0.1721938674,2.084468504,0.3526658567,0.1464798065,0.2019966521,0.4951301493,False,False,False
relative_alpha_reactivity_percentage_points,MSPSS_total,CP6,137,-2.040426586,0.8835089916,0.02091819997,-3.77207239,-0.3087807826,17.75052007,0.0004951537909,3.056589513,0.2169052284,0.09246819684,0.001887773828,0.4268135139,True,False,False
relative_alpha_reactivity_percentage_points,MSPSS_total,AFz,137,-2.422634833,1.115014861,0.02980006395,-4.608023802,-0.2372458645,23.82907276,2.711891285e-05,4.883478605,0.08700938414,0.1069296412,0.000413563421,0.3951744226,True,False,False
relative_alpha_reactivity_percentage_points,MSPSS_total,P7,137,-2.362560105,1.14924496,0.03980663845,-4.615038837,-0.1100813726,9.813969779,0.02021548701,3.674597002,0.1592470513,0.1094576868,0.02804251158,0.3951744226,True,False,False
relative_alpha_reactivity_percentage_points,MSPSS_total,P3,137,-3.174901712,1.230319562,0.009864293903,-5.586283742,-0.763519681,15.37614987,0.001521849532,3.11525223,0.2106355026,0.09246819684,0.004641641073,0.4268135139,True,False,False
relative_alpha_reactivity_percentage_points,MSPSS_total,Pz,137,-2.881250198,1.202990859,0.01661708398,-5.239068956,-0.5234314398,25.39944177,1.273856439e-05,3.823757571,0.1478024365,0.09246819684,0.0002590174759,0.3951744226,True,False,False
relative_alpha_reactivity_percentage_points,MSPSS_total,P4,137,-2.561539636,1.205874136,0.0336519125,-4.925009513,-0.1980697593,13.13331692,0.004356993051,1.817171253,0.4030939464,0.1094576868,0.01022217601,0.5222136527,True,False,False
relative_alpha_reactivity_percentage_points,MSPSS_total,P8,137,-2.481028104,1.232203633,0.04406324145,-4.896102847,-0.06595336192,6.433550216,0.09232028056,1.734740556,0.4200547253,0.1094576868,0.1149293289,0.5222136527,False,False,False
relative_alpha_reactivity_percentage_points,MSPSS_total,PO9,137,-1.876309442,1.185032046,0.1133438363,-4.198929573,0.4463106887,6.941374452,0.07379002919,2.567869351,0.2769454634,0.1503037829,0.09577003788,0.4688667584,False,False,False
relative_alpha_reactivity_percentage_points,MSPSS_total,O1,137,-1.417944891,1.365982873,0.2992514228,-4.095222126,1.259332343,12.04479464,0.007231277634,2.538947733,0.2809794156,0.3042389466,0.01470359786,0.4688667584,True,False,False
relative_alpha_reactivity_percentage_points,MSPSS_total,Oz,137,-1.544584217,1.313913952,0.2397708901,-4.11980824,1.030639807,21.10698705,0.0001000251809,3.909014073,0.14163428,0.2611790053,0.001016922672,0.3951744226,True,False,False
relative_alpha_reactivity_percentage_points,MSPSS_total,O2,137,-1.906547465,1.413697662,0.1774575703,-4.677343967,0.8642490375,4.842494273,0.1837005365,1.509977894,0.4700158098,0.1968165779,0.2114289194,0.5295332384,False,False,False
relative_alpha_reactivity_percentage_points,MSPSS_total,PO10,137,-1.682341619,1.573337688,0.2849426333,-4.766026823,1.401343584,1.745565084,0.6268515954,1.295702847,0.5231686379,0.2946017056,0.6268515954,0.540903168,False,False,False
relative_alpha_reactivity_percentage_points,MSPSS_total,AF7,137,-1.780763916,1.243746365,0.1522084625,-4.218461996,0.6569341646,9.307277608,0.02547250687,4.585783808,0.100974032,0.1844042668,0.0345293982,0.3951744226,True,False,False
relative_alpha_reactivity_percentage_points,MSPSS_total,AF3,137,-1.904513797,1.179484109,0.1063755295,-4.21626017,0.4072325769,10.52262241,0.01460821892,4.623048925,0.09911004679,0.1464798065,0.02227753385,0.3951744226,True,False,False
relative_alpha_reactivity_percentage_points,MSPSS_total,AF4,137,-2.580386629,1.148961423,0.02471408491,-4.832309637,-0.3284636204,26.96145221,5.99792942e-06,6.509774523,0.03858517045,0.09422244872,0.0001829368473,0.3487507482,True,False,False
relative_alpha_reactivity_percentage_points,MSPSS_total,AF8,137,-2.220663099,1.194573901,0.06303304573,-4.561984921,0.1206587241,17.44866489,0.000571382931,5.708051601,0.05761191928,0.11651563,0.002050256399,0.3514327076,True,False,False
relative_alpha_reactivity_percentage_points,MSPSS_total,F5,137,-1.776237621,1.198509714,0.1383300328,-4.125273495,0.5727982529,9.860146019,0.01979313084,5.104816684,0.07789384489,0.1757944166,0.02804251158,0.3951744226,True,False,False
relative_alpha_reactivity_percentage_points,MSPSS_total,F1,137,-1.924978615,1.103100756,0.08097417139,-4.087016368,0.2370591381,11.26237637,0.01038850527,3.331520853,0.1890468471,0.1313476822,0.01760274504,0.404156021,True,False,False
relative_alpha_reactivity_percentage_points,MSPSS_total,F2,137,-2.082175922,1.101504782,0.05871767507,-4.241085624,0.07673378046,13.3376455,0.003960514165,3.387704183,0.1838101052,0.1155412316,0.009663654562,0.404156021,True,False,False
relative_alpha_reactivity_percentage_points,MSPSS_total,F6,137,-2.415882187,1.20189948,0.0444255329,-4.77156188,-0.06020249331,18.50835552,0.0003454541338,5.967899969,0.05059259867,0.1094576868,0.001616209373,0.3487507482,True,False,False
relative_alpha_reactivity_percentage_points,MSPSS_total,FT7,137,-1.812997194,1.022678198,0.07626294204,-3.81740963,0.1914152427,13.69326912,0.003353839319,6.937498101,0.03115598085,0.1292233184,0.008894965151,0.3487507482,True,False,False
relative_alpha_reactivity_percentage_points,MSPSS_total,FC3,137,-1.860957077,1.097883369,0.09006768601,-4.01276894,0.2908547861,10.98534568,0.01180538152,3.303269496,0.1917362119,0.1373532212,0.01846482751,0.404156021,True,False,False
relative_alpha_reactivity_percentage_points,MSPSS_total,FC4,137,-1.962782984,1.12790375,0.08182314629,-4.173433712,0.2478677428,11.09130787,0.01124224776,2.514785199,0.2843945912,0.1313476822,0.01804676614,0.4688667584,True,False,False
relative_alpha_reactivity_percentage_points,MSPSS_total,FT8,137,-1.598298914,0.9727626247,0.1003723157,-3.504878623,0.3082807962,18.94619502,0.0002804923377,6.306252285,0.04271837418,0.1464798065,0.001555457509,0.3487507482,True,False,False
relative_alpha_reactivity_percentage_points,MSPSS_total,C5,137,-2.070321482,0.8765777153,0.01818531834,-3.788382234,-0.3522607304,11.88012157,0.007805300777,3.655925902,0.1607406711,0.09246819684,0.01487885461,0.3951744226,True,False,False
relative_alpha_reactivity_percentage_points,MSPSS_total,C1,137,-1.685683442,1.195440619,0.1585119788,-4.028704001,0.6573371175,3.352106447,0.3404559925,1.497795058,0.4728876103,0.1859467444,0.3580657852,0.5295332384,False,False,False
relative_alpha_reactivity_percentage_points,MSPSS_total,C2,137,-1.442019718,1.254299794,0.2502834701,-3.90040214,1.016362705,2.539553697,0.4681852348,1.431922055,0.4887222106,0.2678472224,0.4840559207,0.5295332384,False,False,False
relative_alpha_reactivity_percentage_points,MSPSS_total,C6,137,-1.828543718,0.9282805562,0.04885923662,-3.647940176,-0.009147260623,7.524860617,0.05692310541,2.00407159,0.3671312758,0.1094576868,0.07548498761,0.4951301493,False,False,False
relative_alpha_reactivity_percentage_points,MSPSS_total,TP7,137,-1.900814647,0.7819043675,0.01505694194,-3.433319047,-0.3683102471,12.80773834,0.005071379316,3.640852149,0.1619567306,0.09246819684,0.01145756068,0.3951744226,True,False,False
relative_alpha_reactivity_percentage_points,MSPSS_total,CP3,137,-2.623836671,0.9407703728,0.00528661889,-4.467712719,-0.7799606223,18.59659806,0.0003312569827,3.299064638,0.1921397477,0.09246819684,0.001616209373,0.404156021,True,False,False
relative_alpha_reactivity_percentage_points,MSPSS_total,CPz,137,-1.739382676,1.149983411,0.1303994696,-3.993308743,0.5145433919,3.788700581,0.2852031812,1.407163878,0.4948097473,0.1692418648,0.310667751,0.5295332384,False,False,False
relative_alpha_reactivity_percentage_points,MSPSS_total,CP4,137,-1.777718362,0.86970848,0.04094965923,-3.48231566,-0.07312106436,11.65032445,0.008682232047,1.688069836,0.4299721164,0.1094576868,0.01560742018,0.5222136527,True,False,False
relative_alpha_reactivity_percentage_points,MSPSS_total,TP8,137,-2.189635583,0.9690036364,0.02384128214,-4.088847812,-0.2904233551,5.9566727,0.1137373257,1.65745342,0.4366048572,0.09422244872,0.1387595374,0.5222136527,False,False,False
relative_alpha_reactivity_percentage_points,MSPSS_total,P5,137,-3.015239254,1.248339118,0.01571790507,-5.461938967,-0.568539542,11.4674938,0.009448809757,1.970334182,0.3733768339,0.09246819684,0.01646792558,0.4951301493,True,False,False
relative_alpha_reactivity_percentage_points,MSPSS_total,P1,137,-2.755120114,1.195794643,0.02122220911,-5.098834548,-0.4114056798,19.35363816,0.0002310180818,4.061344389,0.1312472678,0.09246819684,0.001409210299,0.3951744226,True,False,False
relative_alpha_reactivity_percentage_points,MSPSS_total,P2,137,-2.807588884,1.189174655,0.01822789948,-5.138328379,-0.476849389,18.00436374,0.0004389390944,2.201004619,0.3327039215,0.09246819684,0.001785018984,0.4873511348,True,False,False
relative_alpha_reactivity_percentage_points,MSPSS_total,P6,137,-2.325975928,1.185299228,0.04972135817,-4.649119726,-0.002832131244,11.10898491,0.01115091659,1.473262626,0.4787238731,0.1094576868,0.01804676614,0.5295332384,True,False,False
relative_alpha_reactivity_percentage_points,MSPSS_total,PO7,137,-2.194602735,1.293069999,0.08965822191,-4.728973364,0.3397678929,14.5244058,0.002271668578,2.460774593,0.2921793956,0.1373532212,0.006598656345,0.4690248193,True,False,False
relative_alpha_reactivity_percentage_points,MSPSS_total,PO3,137,-2.94971986,1.456893821,0.04290192071,-5.805179278,-0.0942604418,12.43875458,0.006021795979,2.183949291,0.3355532404,0.1094576868,0.01272981795,0.4873511348,True,False,False
relative_alpha_reactivity_percentage_points,MSPSS_total,POz,137,-3.355338795,1.435197656,0.01939279077,-6.168274512,-0.5424030784,11.64610338,0.008699217807,2.212413437,0.330811445,0.09246819684,0.01560742018,0.4873511348,True,False,False
relative_alpha_reactivity_percentage_points,MSPSS_total,PO4,137,-2.662570941,1.360712201,0.05037709799,-5.329517848,0.004375966017,9.812682696,0.0202273854,1.338779996,0.5120208163,0.1094576868,0.02804251158,0.5385046516,True,False,False
relative_alpha_reactivity_percentage_points,MSPSS_total,PO8,137,-1.849832204,1.343318592,0.1684932602,-4.482688264,0.7830238567,4.227554091,0.2379176364,1.118310474,0.571691804,0.1939262052,0.2638722877,0.5812200007,False,False,False
