variant,outcome,focal_z,predicted_reactivity_db,ci95_pointwise_low,ci95_pointwise_high,other_scale_z_held,male_fraction_held,partnered_fraction_held
primary_posterior_roi_spline,STAI_trait,-2.007171765,6.248388394,3.453049947,9.043726842,-1.264195561e-16,0.700729927,0.6058394161
primary_posterior_roi_spline,STAI_trait,-1.988981386,6.23506753,3.487898874,8.982236185,-1.264195561e-16,0.700729927,0.6058394161
primary_posterior_roi_spline,STAI_trait,-1.970791006,6.221750142,3.522609214,8.920891069,-1.264195561e-16,0.700729927,0.6058394161
primary_posterior_roi_spline,STAI_trait,-1.952600627,6.208439707,3.557167363,8.859712051,-1.264195561e-16,0.700729927,0.6058394161
primary_posterior_roi_spline,STAI_trait,-1.934410247,6.195139702,3.591559467,8.798719938,-1.264195561e-16,0.700729927,0.6058394161
primary_posterior_roi_spline,STAI_trait,-1.916219867,6.181853605,3.625771407,8.737935803,-1.264195561e-16,0.700729927,0.6058394161
primary_posterior_roi_spline,STAI_trait,-1.898029488,6.168584891,3.659788779,8.677381003,-1.264195561e-16,0.700729927,0.6058394161
primary_posterior_roi_spline,STAI_trait,-1.879839108,6.155337037,3.693596888,8.617077187,-1.264195561e-16,0.700729927,0.6058394161
primary_posterior_roi_spline,STAI_trait,-1.861648729,6.142113521,3.727180721,8.55704632,-1.264195561e-16,0.700729927,0.6058394161
primary_posterior_roi_spline,STAI_trait,-1.843458349,6.128917818,3.76052494,8.497310695,-1.264195561e-16,0.700729927,0.6058394161
primary_posterior_roi_spline,STAI_trait,-1.82526797,6.115753405,3.793613857,8.437892954,-1.264195561e-16,0.700729927,0.6058394161
primary_posterior_roi_spline,STAI_trait,-1.80707759,6.10262376,3.826431418,8.378816102,-1.264195561e-16,0.700729927,0.6058394161
primary_posterior_roi_spline,STAI_trait,-1.78888721,6.089532359,3.858961187,8.320103531,-1.264195561e-16,0.700729927,0.6058394161
primary_posterior_roi_spline,STAI_trait,-1.770696831,6.076482678,3.89118632,8.261779036,-1.264195561e-16,0.700729927,0.6058394161
primary_posterior_roi_spline,STAI_trait,-1.752506451,6.063478195,3.92308955,8.203866839,-1.264195561e-16,0.700729927,0.6058394161
primary_posterior_roi_spline,STAI_trait,-1.734316072,6.050522385,3.954653164,8.146391607,-1.264195561e-16,0.700729927,0.6058394161
primary_posterior_roi_spline,STAI_trait,-1.716125692,6.037618727,3.985858983,8.089378471,-1.264195561e-16,0.700729927,0.6058394161
primary_posterior_roi_spline,STAI_trait,-1.697935313,6.024770696,4.016688341,8.032853051,-1.264195561e-16,0.700729927,0.6058394161
primary_posterior_roi_spline,STAI_trait,-1.679744933,6.011981769,4.047122064,7.976841474,-1.264195561e-16,0.700729927,0.6058394161
primary_posterior_roi_spline,STAI_trait,-1.661554553,5.999255423,4.077140451,7.921370395,-1.264195561e-16,0.700729927,0.6058394161
primary_posterior_roi_spline,STAI_trait,-1.643364174,5.986595135,4.106723256,7.866467014,-1.264195561e-16,0.700729927,0.6058394161
primary_posterior_roi_spline,STAI_trait,-1.625173794,5.974004381,4.135849666,7.812159095,-1.264195561e-16,0.700729927,0.6058394161
primary_posterior_roi_spline,STAI_trait,-1.606983415,5.961486638,4.164498295,7.758474981,-1.264195561e-16,0.700729927,0.6058394161
primary_posterior_roi_spline,STAI_trait,-1.588793035,5.949045383,4.192647162,7.705443605,-1.264195561e-16,0.700729927,0.6058394161
primary_posterior_roi_spline,STAI_trait,-1.570602656,5.936684093,4.220273689,7.653094497,-1.264195561e-16,0.700729927,0.6058394161
primary_posterior_roi_spline,STAI_trait,-1.552412276,5.924406244,4.247354696,7.601457791,-1.264195561e-16,0.700729927,0.6058394161
primary_posterior_roi_spline,STAI_trait,-1.534221896,5.912215312,4.273866404,7.550564221,-1.264195561e-16,0.700729927,0.6058394161
primary_posterior_roi_spline,STAI_trait,-1.516031517,5.900114776,4.299784442,7.500445109,-1.264195561e-16,0.700729927,0.6058394161
primary_posterior_roi_spline,STAI_trait,-1.497841137,5.888108111,4.325083872,7.451132349,-1.264195561e-16,0.700729927,0.6058394161
primary_posterior_roi_spline,STAI_trait,-1.479650758,5.876198794,4.349739212,7.402658375,-1.264195561e-16,0.700729927,0.6058394161
primary_posterior_roi_spline,STAI_trait,-1.461460378,5.864390302,4.373724483,7.355056121,-1.264195561e-16,0.700729927,0.6058394161
primary_posterior_roi_spline,STAI_trait,-1.443269999,5.852686111,4.397013264,7.308358958,-1.264195561e-16,0.700729927,0.6058394161
primary_posterior_roi_spline,STAI_trait,-1.425079619,5.841089699,4.419578769,7.262600628,-1.264195561e-16,0.700729927,0.6058394161
primary_posterior_roi_spline,STAI_trait,-1.40688924,5.829604541,4.441393941,7.217815142,-1.264195561e-16,0.700729927,0.6058394161
primary_posterior_roi_spline,STAI_trait,-1.38869886,5.818234116,4.462431568,7.174036663,-1.264195561e-16,0.700729927,0.6058394161
primary_posterior_roi_spline,STAI_trait,-1.37050848,5.806981899,4.482664428,7.131299369,-1.264195561e-16,0.700729927,0.6058394161
primary_posterior_roi_spline,STAI_trait,-1.352318101,5.795851367,4.502065456,7.089637277,-1.264195561e-16,0.700729927,0.6058394161
primary_posterior_roi_spline,STAI_trait,-1.334127721,5.784845996,4.520607948,7.049084045,-1.264195561e-16,0.700729927,0.6058394161
primary_posterior_roi_spline,STAI_trait,-1.315937342,5.773969265,4.538265791,7.009672738,-1.264195561e-16,0.700729927,0.6058394161
primary_posterior_roi_spline,STAI_trait,-1.297746962,5.763224649,4.555013732,6.971435565,-1.264195561e-16,0.700729927,0.6058394161
primary_posterior_roi_spline,STAI_trait,-1.279556583,5.752615624,4.570827672,6.934403577,-1.264195561e-16,0.700729927,0.6058394161
primary_posterior_roi_spline,STAI_trait,-1.261366203,5.742145669,4.585685006,6.898606332,-1.264195561e-16,0.700729927,0.6058394161
primary_posterior_roi_spline,STAI_trait,-1.243175823,5.731818259,4.599564984,6.864071534,-1.264195561e-16,0.700729927,0.6058394161
primary_posterior_roi_spline,STAI_trait,-1.224985444,5.721636871,4.612449102,6.830824641,-1.264195561e-16,0.700729927,0.6058394161
primary_posterior_roi_spline,STAI_trait,-1.206795064,5.711604982,4.624321518,6.798888446,-1.264195561e-16,0.700729927,0.6058394161
primary_posterior_roi_spline,STAI_trait,-1.188604685,5.701726069,4.635169484,6.768282654,-1.264195561e-16,0.700729927,0.6058394161
primary_posterior_roi_spline,STAI_trait,-1.170414305,5.692003608,4.644983772,6.739023444,-1.264195561e-16,0.700729927,0.6058394161
primary_posterior_roi_spline,STAI_trait,-1.152223926,5.682441076,4.653759112,6.71112304,-1.264195561e-16,0.700729927,0.6058394161
primary_posterior_roi_spline,STAI_trait,-1.134033546,5.67304195,4.661494592,6.684589307,-1.264195561e-16,0.700729927,0.6058394161
primary_posterior_roi_spline,STAI_trait,-1.115843166,5.663809706,4.668194044,6.659425369,-1.264195561e-16,0.700729927,0.6058394161
primary_posterior_roi_spline,STAI_trait,-1.097652787,5.654747822,4.67386636,6.635629284,-1.264195561e-16,0.700729927,0.6058394161
primary_posterior_roi_spline,STAI_trait,-1.079462407,5.645859773,4.67852577,6.613193777,-1.264195561e-16,0.700729927,0.6058394161
primary_posterior_roi_spline,STAI_trait,-1.061272028,5.637149038,4.682192022,6.592106053,-1.264195561e-16,0.700729927,0.6058394161
primary_posterior_roi_spline,STAI_trait,-1.043081648,5.628619091,4.684890492,6.57234769,-1.264195561e-16,0.700729927,0.6058394161
primary_posterior_roi_spline,STAI_trait,-1.024891269,5.620273411,4.68665219,6.553894632,-1.264195561e-16,0.700729927,0.6058394161
primary_posterior_roi_spline,STAI_trait,-1.006700889,5.612115473,4.687513669,6.536717278,-1.264195561e-16,0.700729927,0.6058394161
primary_posterior_roi_spline,STAI_trait,-0.9885105095,5.604148755,4.687516836,6.520780675,-1.264195561e-16,0.700729927,0.6058394161
primary_posterior_roi_spline,STAI_trait,-0.9703201299,5.596376733,4.686708667,6.5060448,-1.264195561e-16,0.700729927,0.6058394161
primary_posterior_roi_spline,STAI_trait,-0.9521297503,5.588802885,4.68514083,6.492464939,-1.264195561e-16,0.700729927,0.6058394161
primary_posterior_roi_spline,STAI_trait,-0.9339393708,5.581430686,4.68286924,6.479992131,-1.264195561e-16,0.700729927,0.6058394161
primary_posterior_roi_spline,STAI_trait,-0.9157489912,5.574263613,4.679953545,6.46857368,-1.264195561e-16,0.700729927,0.6058394161
primary_posterior_roi_spline,STAI_trait,-0.8975586116,5.567305143,4.676456572,6.458153715,-1.264195561e-16,0.700729927,0.6058394161
primary_posterior_roi_spline,STAI_trait,-0.8793682321,5.560558753,4.672443741,6.448673765,-1.264195561e-16,0.700729927,0.6058394161
primary_posterior_roi_spline,STAI_trait,-0.8611778525,5.55402792,4.667982477,6.440073363,-1.264195561e-16,0.700729927,0.6058394161
primary_posterior_roi_spline,STAI_trait,-0.8429874729,5.54771612,4.663141614,6.432290627,-1.264195561e-16,0.700729927,0.6058394161
primary_posterior_roi_spline,STAI_trait,-0.8247970934,5.54162683,4.657990831,6.42526283,-1.264195561e-16,0.700729927,0.6058394161
primary_posterior_roi_spline,STAI_trait,-0.8066067138,5.535763527,4.652600112,6.418926942,-1.264195561e-16,0.700729927,0.6058394161
primary_posterior_roi_spline,STAI_trait,-0.7884163342,5.530129687,4.647039252,6.413220123,-1.264195561e-16,0.700729927,0.6058394161
primary_posterior_roi_spline,STAI_trait,-0.7702259546,5.524728788,4.6413774,6.408080175,-1.264195561e-16,0.700729927,0.6058394161
primary_posterior_roi_spline,STAI_trait,-0.7520355751,5.519564305,4.635682668,6.403445942,-1.264195561e-16,0.700729927,0.6058394161
primary_posterior_roi_spline,STAI_trait,-0.7338451955,5.514639716,4.630021776,6.399257656,-1.264195561e-16,0.700729927,0.6058394161
primary_posterior_roi_spline,STAI_trait,-0.7156548159,5.509958497,4.624459758,6.395457235,-1.264195561e-16,0.700729927,0.6058394161
primary_posterior_roi_spline,STAI_trait,-0.6974644364,5.505524125,4.619059718,6.391988531,-1.264195561e-16,0.700729927,0.6058394161
primary_posterior_roi_spline,STAI_trait,-0.6792740568,5.501340077,4.613882623,6.388797531,-1.264195561e-16,0.700729927,0.6058394161
primary_posterior_roi_spline,STAI_trait,-0.6610836772,5.497409829,4.608987144,6.385832514,-1.264195561e-16,0.700729927,0.6058394161
primary_posterior_roi_spline,STAI_trait,-0.6428932977,5.493736859,4.604429532,6.383044186,-1.264195561e-16,0.700729927,0.6058394161
primary_posterior_roi_spline,STAI_trait,-0.6247029181,5.490324642,4.600263522,6.380385762,-1.264195561e-16,0.700729927,0.6058394161
primary_posterior_roi_spline,STAI_trait,-0.6065125385,5.487176656,4.596540265,6.377813047,-1.264195561e-16,0.700729927,0.6058394161
primary_posterior_roi_spline,STAI_trait,-0.588322159,5.484296378,4.593308277,6.375284478,-1.264195561e-16,0.700729927,0.6058394161
primary_posterior_roi_spline,STAI_trait,-0.5701317794,5.481687283,4.590613404,6.372761162,-1.264195561e-16,0.700729927,0.6058394161
primary_posterior_roi_spline,STAI_trait,-0.5519413998,5.479352849,4.588498798,6.370206901,-1.264195561e-16,0.700729927,0.6058394161
primary_posterior_roi_spline,STAI_trait,-0.5337510203,5.477296553,4.587004894,6.367588212,-1.264195561e-16,0.700729927,0.6058394161
primary_posterior_roi_spline,STAI_trait,-0.5155606407,5.475521871,4.586169392,6.36487435,-1.264195561e-16,0.700729927,0.6058394161
primary_posterior_roi_spline,STAI_trait,-0.4973702611,5.47403228,4.586027233,6.362037326,-1.264195561e-16,0.700729927,0.6058394161
primary_posterior_roi_spline,STAI_trait,-0.4791798816,5.47283052,4.586605429,6.35905561,-1.264195561e-16,0.700729927,0.6058394161
primary_posterior_roi_spline,STAI_trait,-0.460989502,5.471916385,4.587907492,6.355925278,-1.264195561e-16,0.700729927,0.6058394161
primary_posterior_roi_spline,STAI_trait,-0.4427991224,5.471288933,4.589928764,6.352649102,-1.264195561e-16,0.700729927,0.6058394161
primary_posterior_roi_spline,STAI_trait,-0.4246087429,5.470947221,4.592661746,6.349232697,-1.264195561e-16,0.700729927,0.6058394161
primary_posterior_roi_spline,STAI_trait,-0.4064183633,5.470890307,4.596096292,6.345684323,-1.264195561e-16,0.700729927,0.6058394161
primary_posterior_roi_spline,STAI_trait,-0.3882279837,5.471117249,4.600219791,6.342014707,-1.264195561e-16,0.700729927,0.6058394161
primary_posterior_roi_spline,STAI_trait,-0.3700376042,5.471627103,4.605017326,6.338236881,-1.264195561e-16,0.700729927,0.6058394161
primary_posterior_roi_spline,STAI_trait,-0.3518472246,5.472418929,4.610471811,6.334366046,-1.264195561e-16,0.700729927,0.6058394161
primary_posterior_roi_spline,STAI_trait,-0.333656845,5.473491782,4.616564121,6.330419442,-1.264195561e-16,0.700729927,0.6058394161
primary_posterior_roi_spline,STAI_trait,-0.3154664655,5.474844721,4.623273206,6.326416235,-1.264195561e-16,0.700729927,0.6058394161
primary_posterior_roi_spline,STAI_trait,-0.2972760859,5.476476803,4.630576188,6.322377417,-1.264195561e-16,0.700729927,0.6058394161
primary_posterior_roi_spline,STAI_trait,-0.2790857063,5.478387085,4.638448457,6.318325714,-1.264195561e-16,0.700729927,0.6058394161
primary_posterior_roi_spline,STAI_trait,-0.2608953268,5.480574627,4.646863757,6.314285496,-1.264195561e-16,0.700729927,0.6058394161
primary_posterior_roi_spline,STAI_trait,-0.2427049472,5.483038483,4.655794265,6.310282702,-1.264195561e-16,0.700729927,0.6058394161
primary_posterior_roi_spline,STAI_trait,-0.2245145676,5.485777714,4.66521067,6.306344758,-1.264195561e-16,0.700729927,0.6058394161
primary_posterior_roi_spline,STAI_trait,-0.2063241881,5.488791375,4.675082247,6.302500504,-1.264195561e-16,0.700729927,0.6058394161
primary_posterior_roi_spline,STAI_trait,-0.1881338085,5.492078525,4.685376936,6.298780115,-1.264195561e-16,0.700729927,0.6058394161
primary_posterior_roi_spline,STAI_trait,-0.1699434289,5.495638221,4.696061423,6.29521502,-1.264195561e-16,0.700729927,0.6058394161
primary_posterior_roi_spline,STAI_trait,-0.1517530494,5.499469521,4.707101227,6.291837815,-1.264195561e-16,0.700729927,0.6058394161
primary_posterior_roi_spline,STAI_trait,-0.1335626698,5.503571482,4.718460793,6.288682171,-1.264195561e-16,0.700729927,0.6058394161
primary_posterior_roi_spline,STAI_trait,-0.1153722902,5.507943161,4.7301036,6.285782722,-1.264195561e-16,0.700729927,0.6058394161
primary_posterior_roi_spline,STAI_trait,-0.09718191066,5.512583617,4.741992279,6.283174955,-1.264195561e-16,0.700729927,0.6058394161
primary_posterior_roi_spline,STAI_trait,-0.07899153109,5.517491907,4.754088746,6.280895069,-1.264195561e-16,0.700729927,0.6058394161
primary_posterior_roi_spline,STAI_trait,-0.06080115153,5.522667088,4.766354353,6.278979823,-1.264195561e-16,0.700729927,0.6058394161
primary_posterior_roi_spline,STAI_trait,-0.04261077196,5.528108219,4.778750066,6.277466371,-1.264195561e-16,0.700729927,0.6058394161
primary_posterior_roi_spline,STAI_trait,-0.02442039239,5.533814355,4.791236651,6.27639206,-1.264195561e-16,0.700729927,0.6058394161
primary_posterior_roi_spline,STAI_trait,-0.006230012825,5.539784556,4.803774896,6.275794216,-1.264195561e-16,0.700729927,0.6058394161
primary_posterior_roi_spline,STAI_trait,0.01196036674,5.546017879,4.816325853,6.275709904,-1.264195561e-16,0.700729927,0.6058394161
primary_posterior_roi_spline,STAI_trait,0.03015074631,5.552513381,4.828851098,6.276175663,-1.264195561e-16,0.700729927,0.6058394161
primary_posterior_roi_spline,STAI_trait,0.04834112588,5.559270119,4.841313023,6.277227215,-1.264195561e-16,0.700729927,0.6058394161
primary_posterior_roi_spline,STAI_trait,0.06653150544,5.566287152,4.853675141,6.278899163,-1.264195561e-16,0.700729927,0.6058394161
primary_posterior_roi_spline,STAI_trait,0.08472188501,5.573563536,4.865902413,6.28122466,-1.264195561e-16,0.700729927,0.6058394161
primary_posterior_roi_spline,STAI_trait,0.1029122646,5.581098331,4.87796159,6.284235071,-1.264195561e-16,0.700729927,0.6058394161
primary_posterior_roi_spline,STAI_trait,0.1211026441,5.588890592,4.88982155,6.287959633,-1.264195561e-16,0.700729927,0.6058394161
primary_posterior_roi_spline,STAI_trait,0.1392930237,5.596939377,4.901453651,6.292425104,-1.264195561e-16,0.700729927,0.6058394161
primary_posterior_roi_spline,STAI_trait,0.1574834033,5.605243745,4.912832063,6.297655427,-1.264195561e-16,0.700729927,0.6058394161
primary_posterior_roi_spline,STAI_trait,0.1756737828,5.613802752,4.92393409,6.303671414,-1.264195561e-16,0.700729927,0.6058394161
primary_posterior_roi_spline,STAI_trait,0.1938641624,5.622615457,4.934740462,6.310490452,-1.264195561e-16,0.700729927,0.6058394161
primary_posterior_roi_spline,STAI_trait,0.212054542,5.631680916,4.94523559,6.318126242,-1.264195561e-16,0.700729927,0.6058394161
primary_posterior_roi_spline,STAI_trait,0.2302449215,5.640998188,4.955407786,6.326588589,-1.264195561e-16,0.700729927,0.6058394161
primary_posterior_roi_spline,STAI_trait,0.2484353011,5.650566329,4.965249419,6.33588324,-1.264195561e-16,0.700729927,0.6058394161
primary_posterior_roi_spline,STAI_trait,0.2666256807,5.660384398,4.974757023,6.346011773,-1.264195561e-16,0.700729927,0.6058394161
primary_posterior_roi_spline,STAI_trait,0.2848160603,5.670451452,4.983931344,6.35697156,-1.264195561e-16,0.700729927,0.6058394161
primary_posterior_roi_spline,STAI_trait,0.3030064398,5.680766548,4.992777317,6.36875578,-1.264195561e-16,0.700729927,0.6058394161
primary_posterior_roi_spline,STAI_trait,0.3211968194,5.691328745,5.001303994,6.381353496,-1.264195561e-16,0.700729927,0.6058394161
primary_posterior_roi_spline,STAI_trait,0.339387199,5.702137099,5.0095244,6.394749798,-1.264195561e-16,0.700729927,0.6058394161
primary_posterior_roi_spline,STAI_trait,0.3575775785,5.713190668,5.017455348,6.408925989,-1.264195561e-16,0.700729927,0.6058394161
primary_posterior_roi_spline,STAI_trait,0.3757679581,5.724488511,5.025117202,6.423859819,-1.264195561e-16,0.700729927,0.6058394161
primary_posterior_roi_spline,STAI_trait,0.3939583377,5.736029683,5.032533601,6.439525765,-1.264195561e-16,0.700729927,0.6058394161
primary_posterior_roi_spline,STAI_trait,0.4121487172,5.747813243,5.039731158,6.455895329,-1.264195561e-16,0.700729927,0.6058394161
primary_posterior_roi_spline,STAI_trait,0.4303390968,5.759838249,5.046739137,6.472937361,-1.264195561e-16,0.700729927,0.6058394161
primary_posterior_roi_spline,STAI_trait,0.4485294764,5.772103758,5.053589121,6.490618395,-1.264195561e-16,0.700729927,0.6058394161
primary_posterior_roi_spline,STAI_trait,0.4667198559,5.784608827,5.060314676,6.508902978,-1.264195561e-16,0.700729927,0.6058394161
primary_posterior_roi_spline,STAI_trait,0.4849102355,5.797352514,5.066951019,6.52775401,-1.264195561e-16,0.700729927,0.6058394161
primary_posterior_roi_spline,STAI_trait,0.5031006151,5.810333877,5.073534704,6.547133051,-1.264195561e-16,0.700729927,0.6058394161
primary_posterior_roi_spline,STAI_trait,0.5212909946,5.823551974,5.080103313,6.567000634,-1.264195561e-16,0.700729927,0.6058394161
primary_posterior_roi_spline,STAI_trait,0.5394813742,5.837005861,5.086695181,6.58731654,-1.264195561e-16,0.700729927,0.6058394161
primary_posterior_roi_spline,STAI_trait,0.5576717538,5.850694596,5.093349132,6.60804006,-1.264195561e-16,0.700729927,0.6058394161
primary_posterior_roi_spline,STAI_trait,0.5758621333,5.864617237,5.100104244,6.62913023,-1.264195561e-16,0.700729927,0.6058394161
primary_posterior_roi_spline,STAI_trait,0.5940525129,5.878772842,5.106999641,6.650546042,-1.264195561e-16,0.700729927,0.6058394161
primary_posterior_roi_spline,STAI_trait,0.6122428925,5.893160467,5.114074304,6.67224663,-1.264195561e-16,0.700729927,0.6058394161
primary_posterior_roi_spline,STAI_trait,0.630433272,5.907779171,5.121366908,6.694191435,-1.264195561e-16,0.700729927,0.6058394161
primary_posterior_roi_spline,STAI_trait,0.6486236516,5.922628011,5.12891568,6.716340342,-1.264195561e-16,0.700729927,0.6058394161
primary_posterior_roi_spline,STAI_trait,0.6668140312,5.937706045,5.136758279,6.738653811,-1.264195561e-16,0.700729927,0.6058394161
primary_posterior_roi_spline,STAI_trait,0.6850044107,5.95301233,5.144931687,6.761092973,-1.264195561e-16,0.700729927,0.6058394161
primary_posterior_roi_spline,STAI_trait,0.7031947903,5.968545924,5.153472123,6.783619725,-1.264195561e-16,0.700729927,0.6058394161
primary_posterior_roi_spline,STAI_trait,0.7213851699,5.984305884,5.162414965,6.806196803,-1.264195561e-16,0.700729927,0.6058394161
primary_posterior_roi_spline,STAI_trait,0.7395755494,6.000291268,5.171794683,6.828787853,-1.264195561e-16,0.700729927,0.6058394161
primary_posterior_roi_spline,STAI_trait,0.757765929,6.016501133,5.181644788,6.851357479,-1.264195561e-16,0.700729927,0.6058394161
primary_posterior_roi_spline,STAI_trait,0.7759563086,6.032934538,5.191997772,6.873871303,-1.264195561e-16,0.700729927,0.6058394161
primary_posterior_roi_spline,STAI_trait,0.7941466881,6.049590539,5.202885069,6.896296008,-1.264195561e-16,0.700729927,0.6058394161
primary_posterior_roi_spline,STAI_trait,0.8123370677,6.066468194,5.214337008,6.918599379,-1.264195561e-16,0.700729927,0.6058394161
primary_posterior_roi_spline,STAI_trait,0.8305274473,6.08356656,5.22638277,6.94075035,-1.264195561e-16,0.700729927,0.6058394161
primary_posterior_roi_spline,STAI_trait,0.8487178268,6.100884696,5.239050343,6.962719049,-1.264195561e-16,0.700729927,0.6058394161
primary_posterior_roi_spline,STAI_trait,0.8669082064,6.118421659,5.252366475,6.984476843,-1.264195561e-16,0.700729927,0.6058394161
primary_posterior_roi_spline,STAI_trait,0.885098586,6.136176506,5.26635662,7.005996391,-1.264195561e-16,0.700729927,0.6058394161
primary_posterior_roi_spline,STAI_trait,0.9032889655,6.154148253,5.281044189,7.027252316,-1.264195561e-16,0.700729927,0.6058394161
primary_posterior_roi_spline,STAI_trait,0.9214793451,6.172335162,5.296438474,7.04823185,-1.264195561e-16,0.700729927,0.6058394161
primary_posterior_roi_spline,STAI_trait,0.9396697247,6.190734838,5.31253591,7.068933766,-1.264195561e-16,0.700729927,0.6058394161
primary_posterior_roi_spline,STAI_trait,0.9578601042,6.209344862,5.329330656,7.089359068,-1.264195561e-16,0.700729927,0.6058394161
primary_posterior_roi_spline,STAI_trait,0.9760504838,6.228162817,5.34681507,7.109510563,-1.264195561e-16,0.700729927,0.6058394161
primary_posterior_roi_spline,STAI_trait,0.9942408634,6.247186285,5.364979791,7.129392778,-1.264195561e-16,0.700729927,0.6058394161
primary_posterior_roi_spline,STAI_trait,1.012431243,6.266412847,5.383813812,7.149011883,-1.264195561e-16,0.700729927,0.6058394161
primary_posterior_roi_spline,STAI_trait,1.030621623,6.285840088,5.403304535,7.168375641,-1.264195561e-16,0.700729927,0.6058394161
primary_posterior_roi_spline,STAI_trait,1.048812002,6.305465587,5.423437816,7.187493358,-1.264195561e-16,0.700729927,0.6058394161
primary_posterior_roi_spline,STAI_trait,1.067002382,6.325286929,5.444198,7.206375857,-1.264195561e-16,0.700729927,0.6058394161
primary_posterior_roi_spline,STAI_trait,1.085192761,6.345301694,5.465567936,7.225035452,-1.264195561e-16,0.700729927,0.6058394161
primary_posterior_roi_spline,STAI_trait,1.103383141,6.365507465,5.487528993,7.243485938,-1.264195561e-16,0.700729927,0.6058394161
primary_posterior_roi_spline,STAI_trait,1.12157352,6.385901825,5.510061061,7.261742588,-1.264195561e-16,0.700729927,0.6058394161
primary_posterior_roi_spline,STAI_trait,1.1397639,6.406482355,5.533142549,7.279822161,-1.264195561e-16,0.700729927,0.6058394161
primary_posterior_roi_spline,STAI_trait,1.157954279,6.427246638,5.556750366,7.29774291,-1.264195561e-16,0.700729927,0.6058394161
primary_posterior_roi_spline,STAI_trait,1.176144659,6.448192256,5.58085991,7.315524602,-1.264195561e-16,0.700729927,0.6058394161
primary_posterior_roi_spline,STAI_trait,1.194335039,6.469316791,5.605445038,7.333188544,-1.264195561e-16,0.700729927,0.6058394161
primary_posterior_roi_spline,STAI_trait,1.212525418,6.490617825,5.630478042,7.350757608,-1.264195561e-16,0.700729927,0.6058394161
primary_posterior_roi_spline,STAI_trait,1.230715798,6.512092941,5.655929619,7.368256263,-1.264195561e-16,0.700729927,0.6058394161
primary_posterior_roi_spline,STAI_trait,1.248906177,6.53373972,5.681768835,7.385710605,-1.264195561e-16,0.700729927,0.6058394161
primary_posterior_roi_spline,STAI_trait,1.267096557,6.555555746,5.707963098,7.403148393,-1.264195561e-16,0.700729927,0.6058394161
primary_posterior_roi_spline,STAI_trait,1.285286936,6.577538599,5.734478123,7.420599076,-1.264195561e-16,0.700729927,0.6058394161
primary_posterior_roi_spline,STAI_trait,1.303477316,6.599685863,5.761277906,7.43809382,-1.264195561e-16,0.700729927,0.6058394161
primary_posterior_roi_spline,STAI_trait,1.321667696,6.621995119,5.788324708,7.455665531,-1.264195561e-16,0.700729927,0.6058394161
primary_posterior_roi_spline,STAI_trait,1.339858075,6.64446395,5.815579037,7.473348864,-1.264195561e-16,0.700729927,0.6058394161
primary_posterior_roi_spline,STAI_trait,1.358048455,6.667089938,5.842999653,7.491180224,-1.264195561e-16,0.700729927,0.6058394161
primary_posterior_roi_spline,STAI_trait,1.376238834,6.689870666,5.870543578,7.509197753,-1.264195561e-16,0.700729927,0.6058394161
primary_posterior_roi_spline,STAI_trait,1.394429214,6.712803714,5.898166134,7.527441294,-1.264195561e-16,0.700729927,0.6058394161
primary_posterior_roi_spline,STAI_trait,1.412619593,6.735886666,5.925820993,7.545952339,-1.264195561e-16,0.700729927,0.6058394161
primary_posterior_roi_spline,STAI_trait,1.430809973,6.759117104,5.953460262,7.564773946,-1.264195561e-16,0.700729927,0.6058394161
primary_posterior_roi_spline,STAI_trait,1.449000353,6.782492609,5.981034592,7.583950626,-1.264195561e-16,0.700729927,0.6058394161
primary_posterior_roi_spline,STAI_trait,1.467190732,6.806010765,6.008493326,7.603528204,-1.264195561e-16,0.700729927,0.6058394161
primary_posterior_roi_spline,STAI_trait,1.485381112,6.829669153,6.035784676,7.62355363,-1.264195561e-16,0.700729927,0.6058394161
primary_posterior_roi_spline,STAI_trait,1.503571491,6.853465356,6.062855949,7.644074763,-1.264195561e-16,0.700729927,0.6058394161
primary_posterior_roi_spline,STAI_trait,1.521761871,6.877396955,6.089653808,7.665140103,-1.264195561e-16,0.700729927,0.6058394161
primary_posterior_roi_spline,STAI_trait,1.53995225,6.901461534,6.116124581,7.686798487,-1.264195561e-16,0.700729927,0.6058394161
primary_posterior_roi_spline,STAI_trait,1.55814263,6.925656673,6.142214607,7.70909874,-1.264195561e-16,0.700729927,0.6058394161
primary_posterior_roi_spline,STAI_trait,1.57633301,6.949979956,6.167870624,7.732089288,-1.264195561e-16,0.700729927,0.6058394161
primary_posterior_roi_spline,STAI_trait,1.594523389,6.974428964,6.19304019,7.755817738,-1.264195561e-16,0.700729927,0.6058394161
primary_posterior_roi_spline,STAI_trait,1.612713769,6.99900128,6.217672135,7.780330426,-1.264195561e-16,0.700729927,0.6058394161
primary_posterior_roi_spline,STAI_trait,1.630904148,7.023694486,6.241717021,7.805671951,-1.264195561e-16,0.700729927,0.6058394161
primary_posterior_roi_spline,STAI_trait,1.649094528,7.048506164,6.265127626,7.831884703,-1.264195561e-16,0.700729927,0.6058394161
primary_posterior_roi_spline,STAI_trait,1.667284907,7.073433897,6.287859404,7.859008389,-1.264195561e-16,0.700729927,0.6058394161
primary_posterior_roi_spline,STAI_trait,1.685475287,7.098475266,6.309870943,7.887079589,-1.264195561e-16,0.700729927,0.6058394161
primary_posterior_roi_spline,STAI_trait,1.703665666,7.123627854,6.331124371,7.916131336,-1.264195561e-16,0.700729927,0.6058394161
primary_posterior_roi_spline,STAI_trait,1.721856046,7.148889243,6.351585736,7.946192749,-1.264195561e-16,0.700729927,0.6058394161
primary_posterior_roi_spline,STAI_trait,1.740046426,7.174257014,6.371225301,7.977288727,-1.264195561e-16,0.700729927,0.6058394161
primary_posterior_roi_spline,STAI_trait,1.758236805,7.199728752,6.390017793,8.009439711,-1.264195561e-16,0.700729927,0.6058394161
primary_posterior_roi_spline,STAI_trait,1.776427185,7.225302036,6.40794255,8.042661523,-1.264195561e-16,0.700729927,0.6058394161
primary_posterior_roi_spline,STAI_trait,1.794617564,7.250974451,6.424983606,8.076965296,-1.264195561e-16,0.700729927,0.6058394161
primary_posterior_roi_spline,STAI_trait,1.812807944,7.276743577,6.441129679,8.112357476,-1.264195561e-16,0.700729927,0.6058394161
primary_posterior_roi_spline,STAI_trait,1.830998323,7.302606998,6.456374081,8.148839915,-1.264195561e-16,0.700729927,0.6058394161
primary_posterior_roi_spline,STAI_trait,1.849188703,7.328562295,6.470714559,8.186410031,-1.264195561e-16,0.700729927,0.6058394161
primary_posterior_roi_spline,STAI_trait,1.867379083,7.354607051,6.484153063,8.225061038,-1.264195561e-16,0.700729927,0.6058394161
primary_posterior_roi_spline,STAI_trait,1.885569462,7.380738847,6.496695464,8.26478223,-1.264195561e-16,0.700729927,0.6058394161
primary_posterior_roi_spline,STAI_trait,1.903759842,7.406955266,6.508351229,8.305559303,-1.264195561e-16,0.700729927,0.6058394161
primary_posterior_roi_spline,STAI_trait,1.921950221,7.433253891,6.519133064,8.347374717,-1.264195561e-16,0.700729927,0.6058394161
primary_posterior_roi_spline,STAI_trait,1.940140601,7.459632302,6.52905654,8.390208065,-1.264195561e-16,0.700729927,0.6058394161
primary_posterior_roi_spline,STAI_trait,1.95833098,7.486088084,6.538139717,8.43403645,-1.264195561e-16,0.700729927,0.6058394161
primary_posterior_roi_spline,STAI_trait,1.97652136,7.512618817,6.546402766,8.478834868,-1.264195561e-16,0.700729927,0.6058394161
primary_posterior_roi_spline,STAI_trait,1.99471174,7.539222084,6.553867608,8.524576561,-1.264195561e-16,0.700729927,0.6058394161
primary_posterior_roi_spline,STAI_trait,2.012902119,7.565895467,6.56055757,8.571233365,-1.264195561e-16,0.700729927,0.6058394161
primary_posterior_roi_spline,STAI_trait,2.031092499,7.592636549,6.56649707,8.618776028,-1.264195561e-16,0.700729927,0.6058394161
primary_posterior_roi_spline,STAI_trait,2.049282878,7.619442911,6.571711326,8.667174496,-1.264195561e-16,0.700729927,0.6058394161
primary_posterior_roi_spline,STAI_trait,2.067473258,7.646312136,6.576226093,8.716398179,-1.264195561e-16,0.700729927,0.6058394161
primary_posterior_roi_spline,STAI_trait,2.085663637,7.673241806,6.580067439,8.766416173,-1.264195561e-16,0.700729927,0.6058394161
primary_posterior_roi_spline,STAI_trait,2.103854017,7.700229503,6.58326154,8.817197466,-1.264195561e-16,0.700729927,0.6058394161
primary_posterior_roi_spline,STAI_trait,2.122044397,7.72727281,6.585834515,8.868711104,-1.264195561e-16,0.700729927,0.6058394161
primary_posterior_roi_spline,STAI_trait,2.140234776,7.754369308,6.587812278,8.920926337,-1.264195561e-16,0.700729927,0.6058394161
primary_posterior_roi_spline,STAI_trait,2.158425156,7.781516579,6.589220425,8.973812734,-1.264195561e-16,0.700729927,0.6058394161
primary_posterior_roi_spline,STAI_trait,2.176615535,7.808712207,6.590084135,9.02734028,-1.264195561e-16,0.700729927,0.6058394161
primary_posterior_roi_spline,STAI_trait,2.194805915,7.835953773,6.590428094,9.081479452,-1.264195561e-16,0.700729927,0.6058394161
primary_posterior_roi_spline,STAI_trait,2.212996294,7.86323886,6.590276442,9.136201277,-1.264195561e-16,0.700729927,0.6058394161
primary_posterior_roi_spline,STAI_trait,2.231186674,7.890565049,6.589652727,9.191477371,-1.264195561e-16,0.700729927,0.6058394161
primary_posterior_roi_spline,STAI_trait,2.249377054,7.917929922,6.588579876,9.247279969,-1.264195561e-16,0.700729927,0.6058394161
primary_posterior_roi_spline,STAI_trait,2.267567433,7.945331063,6.587080181,9.303581945,-1.264195561e-16,0.700729927,0.6058394161
primary_posterior_roi_spline,STAI_trait,2.285757813,7.972766053,6.585175288,9.360356818,-1.264195561e-16,0.700729927,0.6058394161
primary_posterior_roi_spline,STAI_trait,2.303948192,8.000232474,6.582886195,9.417578754,-1.264195561e-16,0.700729927,0.6058394161
primary_posterior_roi_spline,STAI_trait,2.322138572,8.027727909,6.580233259,9.475222559,-1.264195561e-16,0.700729927,0.6058394161
primary_posterior_roi_spline,STAI_trait,2.340328951,8.05524994,6.577236209,9.533263671,-1.264195561e-16,0.700729927,0.6058394161
primary_posterior_roi_spline,STAI_trait,2.358519331,8.082796148,6.573914155,9.591678141,-1.264195561e-16,0.700729927,0.6058394161
primary_posterior_roi_spline,STAI_trait,2.37670971,8.110364117,6.570285611,9.650442623,-1.264195561e-16,0.700729927,0.6058394161
primary_posterior_roi_spline,STAI_trait,2.39490009,8.137951428,6.566368511,9.709534346,-1.264195561e-16,0.700729927,0.6058394161
primary_posterior_roi_spline,STAI_trait,2.41309047,8.165555664,6.56218023,9.768931099,-1.264195561e-16,0.700729927,0.6058394161
primary_posterior_roi_spline,STAI_trait,2.431280849,8.193174407,6.557737609,9.828611205,-1.264195561e-16,0.700729927,0.6058394161
primary_posterior_roi_spline,STAI_trait,2.449471229,8.220805238,6.553056975,9.888553502,-1.264195561e-16,0.700729927,0.6058394161
primary_posterior_roi_spline,STAI_trait,2.467661608,8.248445741,6.548154166,9.948737316,-1.264195561e-16,0.700729927,0.6058394161
primary_posterior_roi_spline,STAI_trait,2.485851988,8.276093497,6.543044552,10.00914244,-1.264195561e-16,0.700729927,0.6058394161
primary_posterior_roi_spline,STAI_trait,2.504042367,8.303746089,6.537743058,10.06974912,-1.264195561e-16,0.700729927,0.6058394161
primary_posterior_roi_spline,STAI_trait,2.522232747,8.331401099,6.532264188,10.13053801,-1.264195561e-16,0.700729927,0.6058394161
primary_posterior_roi_spline,MSPSS_total,-4.228325209,9.761074111,6.637557918,12.8845903,-4.246400474e-16,0.700729927,0.6058394161
primary_posterior_roi_spline,MSPSS_total,-4.2065263,9.738272786,6.653728913,12.82281666,-4.246400474e-16,0.700729927,0.6058394161
primary_posterior_roi_spline,MSPSS_total,-4.184727392,9.715471186,6.669785252,12.76115712,-4.246400474e-16,0.700729927,0.6058394161
primary_posterior_roi_spline,MSPSS_total,-4.162928484,9.692669039,6.685718254,12.69961982,-4.246400474e-16,0.700729927,0.6058394161
primary_posterior_roi_spline,MSPSS_total,-4.141129576,9.669866071,6.701519125,12.63821302,-4.246400474e-16,0.700729927,0.6058394161
primary_posterior_roi_spline,MSPSS_total,-4.119330668,9.647062007,6.717178952,12.57694506,-4.246400474e-16,0.700729927,0.6058394161
primary_posterior_roi_spline,MSPSS_total,-4.097531759,9.624256575,6.732688703,12.51582445,-4.246400474e-16,0.700729927,0.6058394161
primary_posterior_roi_spline,MSPSS_total,-4.075732851,9.6014495,6.748039218,12.45485978,-4.246400474e-16,0.700729927,0.6058394161
primary_posterior_roi_spline,MSPSS_total,-4.053933943,9.578640508,6.763221205,12.39405981,-4.246400474e-16,0.700729927,0.6058394161
primary_posterior_roi_spline,MSPSS_total,-4.032135035,9.555829326,6.778225238,12.33343341,-4.246400474e-16,0.700729927,0.6058394161
primary_posterior_roi_spline,MSPSS_total,-4.010336127,9.53301568,6.793041754,12.27298961,-4.246400474e-16,0.700729927,0.6058394161
primary_posterior_roi_spline,MSPSS_total,-3.988537218,9.510199296,6.807661041,12.21273755,-4.246400474e-16,0.700729927,0.6058394161
primary_posterior_roi_spline,MSPSS_total,-3.96673831,9.4873799,6.822073242,12.15268656,-4.246400474e-16,0.700729927,0.6058394161
primary_posterior_roi_spline,MSPSS_total,-3.944939402,9.464557219,6.836268345,12.09284609,-4.246400474e-16,0.700729927,0.6058394161
primary_posterior_roi_spline,MSPSS_total,-3.923140494,9.441730979,6.850236181,12.03322578,-4.246400474e-16,0.700729927,0.6058394161
primary_posterior_roi_spline,MSPSS_total,-3.901341586,9.418900905,6.863966419,11.97383539,-4.246400474e-16,0.700729927,0.6058394161
primary_posterior_roi_spline,MSPSS_total,-3.879542677,9.396066725,6.877448559,11.91468489,-4.246400474e-16,0.700729927,0.6058394161
primary_posterior_roi_spline,MSPSS_total,-3.857743769,9.373228164,6.890671932,11.8557844,-4.246400474e-16,0.700729927,0.6058394161
primary_posterior_roi_spline,MSPSS_total,-3.835944861,9.350384948,6.903625694,11.7971442,-4.246400474e-16,0.700729927,0.6058394161
primary_posterior_roi_spline,MSPSS_total,-3.814145953,9.327536805,6.916298821,11.73877479,-4.246400474e-16,0.700729927,0.6058394161
primary_posterior_roi_spline,MSPSS_total,-3.792347044,9.304683459,6.928680106,11.68068681,-4.246400474e-16,0.700729927,0.6058394161
primary_posterior_roi_spline,MSPSS_total,-3.770548136,9.281824638,6.940758157,11.62289112,-4.246400474e-16,0.700729927,0.6058394161
primary_posterior_roi_spline,MSPSS_total,-3.748749228,9.258960067,6.952521395,11.56539874,-4.246400474e-16,0.700729927,0.6058394161
primary_posterior_roi_spline,MSPSS_total,-3.72695032,9.236089472,6.963958046,11.5082209,-4.246400474e-16,0.700729927,0.6058394161
primary_posterior_roi_spline,MSPSS_total,-3.705151412,9.213212581,6.975056147,11.45136901,-4.246400474e-16,0.700729927,0.6058394161
primary_posterior_roi_spline,MSPSS_total,-3.683352503,9.190329118,6.985803542,11.39485469,-4.246400474e-16,0.700729927,0.6058394161
primary_posterior_roi_spline,MSPSS_total,-3.661553595,9.167438811,6.996187878,11.33868974,-4.246400474e-16,0.700729927,0.6058394161
primary_posterior_roi_spline,MSPSS_total,-3.639754687,9.144541385,7.006196614,11.28288616,-4.246400474e-16,0.700729927,0.6058394161
primary_posterior_roi_spline,MSPSS_total,-3.617955779,9.121636567,7.015817016,11.22745612,-4.246400474e-16,0.700729927,0.6058394161
primary_posterior_roi_spline,MSPSS_total,-3.596156871,9.098724083,7.025036163,11.172412,-4.246400474e-16,0.700729927,0.6058394161
primary_posterior_roi_spline,MSPSS_total,-3.574357962,9.075803658,7.033840954,11.11776636,-4.246400474e-16,0.700729927,0.6058394161
primary_posterior_roi_spline,MSPSS_total,-3.552559054,9.052875021,7.042218111,11.06353193,-4.246400474e-16,0.700729927,0.6058394161
primary_posterior_roi_spline,MSPSS_total,-3.530760146,9.029937895,7.050154188,11.0097216,-4.246400474e-16,0.700729927,0.6058394161
primary_posterior_roi_spline,MSPSS_total,-3.508961238,9.006992009,7.057635585,10.95634843,-4.246400474e-16,0.700729927,0.6058394161
primary_posterior_roi_spline,MSPSS_total,-3.48716233,8.984037087,7.064648555,10.90342562,-4.246400474e-16,0.700729927,0.6058394161
primary_posterior_roi_spline,MSPSS_total,-3.465363421,8.961072856,7.071179224,10.85096649,-4.246400474e-16,0.700729927,0.6058394161
primary_posterior_roi_spline,MSPSS_total,-3.443564513,8.938099043,7.077213607,10.79898448,-4.246400474e-16,0.700729927,0.6058394161
primary_posterior_roi_spline,MSPSS_total,-3.421765605,8.915115374,7.082737628,10.74749312,-4.246400474e-16,0.700729927,0.6058394161
primary_posterior_roi_spline,MSPSS_total,-3.399966697,8.892121574,7.087737149,10.696506,-4.246400474e-16,0.700729927,0.6058394161
primary_posterior_roi_spline,MSPSS_total,-3.378167788,8.86911737,7.092197991,10.64603675,-4.246400474e-16,0.700729927,0.6058394161
primary_posterior_roi_spline,MSPSS_total,-3.35636888,8.846102488,7.09610597,10.59609901,-4.246400474e-16,0.700729927,0.6058394161
primary_posterior_roi_spline,MSPSS_total,-3.334569972,8.823076655,7.099446934,10.54670638,-4.246400474e-16,0.700729927,0.6058394161
primary_posterior_roi_spline,MSPSS_total,-3.312771064,8.800039596,7.102206798,10.4978724,-4.246400474e-16,0.700729927,0.6058394161
primary_posterior_roi_spline,MSPSS_total,-3.290972156,8.776991039,7.104371593,10.44961048,-4.246400474e-16,0.700729927,0.6058394161
primary_posterior_roi_spline,MSPSS_total,-3.269173247,8.753930708,7.105927512,10.4019339,-4.246400474e-16,0.700729927,0.6058394161
primary_posterior_roi_spline,MSPSS_total,-3.247374339,8.73085833,7.106860966,10.35485569,-4.246400474e-16,0.700729927,0.6058394161
primary_posterior_roi_spline,MSPSS_total,-3.225575431,8.707773632,7.107158639,10.30838863,-4.246400474e-16,0.700729927,0.6058394161
primary_posterior_roi_spline,MSPSS_total,-3.203776523,8.68467634,7.106807556,10.26254512,-4.246400474e-16,0.700729927,0.6058394161
primary_posterior_roi_spline,MSPSS_total,-3.181977615,8.661566179,7.105795143,10.21733722,-4.246400474e-16,0.700729927,0.6058394161
primary_posterior_roi_spline,MSPSS_total,-3.160178706,8.638442877,7.104109308,10.17277645,-4.246400474e-16,0.700729927,0.6058394161
primary_posterior_roi_spline,MSPSS_total,-3.138379798,8.615306159,7.10173851,10.12887381,-4.246400474e-16,0.700729927,0.6058394161
primary_posterior_roi_spline,MSPSS_total,-3.11658089,8.592155751,7.098671841,10.08563966,-4.246400474e-16,0.700729927,0.6058394161
primary_posterior_roi_spline,MSPSS_total,-3.094781982,8.56899138,7.094899111,10.04308365,-4.246400474e-16,0.700729927,0.6058394161
primary_posterior_roi_spline,MSPSS_total,-3.072983074,8.545812772,7.090410931,10.00121461,-4.246400474e-16,0.700729927,0.6058394161
primary_posterior_roi_spline,MSPSS_total,-3.051184165,8.522619653,7.085198797,9.96004051,-4.246400474e-16,0.700729927,0.6058394161
primary_posterior_roi_spline,MSPSS_total,-3.029385257,8.49941175,7.079255185,9.919568315,-4.246400474e-16,0.700729927,0.6058394161
primary_posterior_roi_spline,MSPSS_total,-3.007586349,8.476188788,7.072573631,9.879803944,-4.246400474e-16,0.700729927,0.6058394161
primary_posterior_roi_spline,MSPSS_total,-2.985787441,8.452950494,7.065148823,9.840752165,-4.246400474e-16,0.700729927,0.6058394161
primary_posterior_roi_spline,MSPSS_total,-2.963988533,8.429696594,7.056976677,9.80241651,-4.246400474e-16,0.700729927,0.6058394161
primary_posterior_roi_spline,MSPSS_total,-2.942189624,8.406426814,7.048054424,9.764799203,-4.246400474e-16,0.700729927,0.6058394161
primary_posterior_roi_spline,MSPSS_total,-2.920390716,8.38314088,7.038380678,9.727901082,-4.246400474e-16,0.700729927,0.6058394161
primary_posterior_roi_spline,MSPSS_total,-2.898591808,8.359838519,7.027955503,9.691721535,-4.246400474e-16,0.700729927,0.6058394161
primary_posterior_roi_spline,MSPSS_total,-2.8767929,8.336519457,7.016780475,9.656258439,-4.246400474e-16,0.700729927,0.6058394161
primary_posterior_roi_spline,MSPSS_total,-2.854993991,8.31318342,7.004858729,9.62150811,-4.246400474e-16,0.700729927,0.6058394161
primary_posterior_roi_spline,MSPSS_total,-2.833195083,8.289830134,6.992195,9.587465268,-4.246400474e-16,0.700729927,0.6058394161
primary_posterior_roi_spline,MSPSS_total,-2.811396175,8.266459325,6.978795646,9.554123005,-4.246400474e-16,0.700729927,0.6058394161
primary_posterior_roi_spline,MSPSS_total,-2.789597267,8.243070721,6.964668668,9.521472773,-4.246400474e-16,0.700729927,0.6058394161
primary_posterior_roi_spline,MSPSS_total,-2.767798359,8.219664046,6.949823707,9.489504384,-4.246400474e-16,0.700729927,0.6058394161
primary_posterior_roi_spline,MSPSS_total,-2.74599945,8.196239027,6.934272039,9.458206015,-4.246400474e-16,0.700729927,0.6058394161
primary_posterior_roi_spline,MSPSS_total,-2.724200542,8.17279539,6.918026542,9.427564238,-4.246400474e-16,0.700729927,0.6058394161
primary_posterior_roi_spline,MSPSS_total,-2.702401634,8.149332862,6.901101665,9.397564059,-4.246400474e-16,0.700729927,0.6058394161
primary_posterior_roi_spline,MSPSS_total,-2.680602726,8.125851169,6.883513373,9.368188965,-4.246400474e-16,0.700729927,0.6058394161
primary_posterior_roi_spline,MSPSS_total,-2.658803818,8.102350036,6.865279084,9.339420989,-4.246400474e-16,0.700729927,0.6058394161
primary_posterior_roi_spline,MSPSS_total,-2.637004909,8.078829191,6.846417598,9.311240785,-4.246400474e-16,0.700729927,0.6058394161
primary_posterior_roi_spline,MSPSS_total,-2.615206001,8.055288359,6.826949007,9.283627712,-4.246400474e-16,0.700729927,0.6058394161
primary_posterior_roi_spline,MSPSS_total,-2.593407093,8.031727267,6.806894606,9.256559927,-4.246400474e-16,0.700729927,0.6058394161
primary_posterior_roi_spline,MSPSS_total,-2.571608185,8.00814564,6.786276793,9.230014488,-4.246400474e-16,0.700729927,0.6058394161
primary_posterior_roi_spline,MSPSS_total,-2.549809277,7.984543206,6.765118957,9.203967454,-4.246400474e-16,0.700729927,0.6058394161
primary_posterior_roi_spline,MSPSS_total,-2.528010368,7.960919689,6.743445375,9.178394003,-4.246400474e-16,0.700729927,0.6058394161
primary_posterior_roi_spline,MSPSS_total,-2.50621146,7.937274817,6.721281092,9.153268542,-4.246400474e-16,0.700729927,0.6058394161
primary_posterior_roi_spline,MSPSS_total,-2.484412552,7.913608315,6.698651812,9.128564819,-4.246400474e-16,0.700729927,0.6058394161
primary_posterior_roi_spline,MSPSS_total,-2.462613644,7.889919911,6.675583779,9.104256042,-4.246400474e-16,0.700729927,0.6058394161
primary_posterior_roi_spline,MSPSS_total,-2.440814736,7.866209329,6.652103671,9.080314988,-4.246400474e-16,0.700729927,0.6058394161
primary_posterior_roi_spline,MSPSS_total,-2.419015827,7.842476297,6.628238483,9.05671411,-4.246400474e-16,0.700729927,0.6058394161
primary_posterior_roi_spline,MSPSS_total,-2.397216919,7.81872054,6.60401543,9.03342565,-4.246400474e-16,0.700729927,0.6058394161
primary_posterior_roi_spline,MSPSS_total,-2.375418011,7.794941784,6.57946184,9.010421729,-4.246400474e-16,0.700729927,0.6058394161
primary_posterior_roi_spline,MSPSS_total,-2.353619103,7.771139757,6.554605061,8.987674453,-4.246400474e-16,0.700729927,0.6058394161
primary_posterior_roi_spline,MSPSS_total,-2.331820194,7.747314184,6.529472377,8.965155991,-4.246400474e-16,0.700729927,0.6058394161
primary_posterior_roi_spline,MSPSS_total,-2.310021286,7.723464791,6.504090917,8.942838664,-4.246400474e-16,0.700729927,0.6058394161
primary_posterior_roi_spline,MSPSS_total,-2.288222378,7.699591304,6.478487589,8.920695019,-4.246400474e-16,0.700729927,0.6058394161
primary_posterior_roi_spline,MSPSS_total,-2.26642347,7.67569345,6.452689006,8.898697894,-4.246400474e-16,0.700729927,0.6058394161
primary_posterior_roi_spline,MSPSS_total,-2.244624562,7.651770955,6.426721428,8.876820482,-4.246400474e-16,0.700729927,0.6058394161
primary_posterior_roi_spline,MSPSS_total,-2.222825653,7.627823545,6.400610703,8.855036387,-4.246400474e-16,0.700729927,0.6058394161
primary_posterior_roi_spline,MSPSS_total,-2.201026745,7.603850947,6.374382227,8.833319667,-4.246400474e-16,0.700729927,0.6058394161
primary_posterior_roi_spline,MSPSS_total,-2.179227837,7.579852886,6.348060894,8.811644877,-4.246400474e-16,0.700729927,0.6058394161
primary_posterior_roi_spline,MSPSS_total,-2.157428929,7.555829088,6.321671068,8.789987109,-4.246400474e-16,0.700729927,0.6058394161
primary_posterior_roi_spline,MSPSS_total,-2.135630021,7.531779281,6.295236547,8.768322016,-4.246400474e-16,0.700729927,0.6058394161
primary_posterior_roi_spline,MSPSS_total,-2.113831112,7.50770319,6.268780542,8.746625838,-4.246400474e-16,0.700729927,0.6058394161
primary_posterior_roi_spline,MSPSS_total,-2.092032204,7.483600541,6.242325657,8.724875426,-4.246400474e-16,0.700729927,0.6058394161
primary_posterior_roi_spline,MSPSS_total,-2.070233296,7.459471061,6.21589387,8.703048252,-4.246400474e-16,0.700729927,0.6058394161
primary_posterior_roi_spline,MSPSS_total,-2.048434388,7.435314476,6.189506526,8.681122426,-4.246400474e-16,0.700729927,0.6058394161
primary_posterior_roi_spline,MSPSS_total,-2.02663548,7.411130512,6.163184324,8.659076699,-4.246400474e-16,0.700729927,0.6058394161
primary_posterior_roi_spline,MSPSS_total,-2.004836571,7.386918895,6.136947314,8.636890476,-4.246400474e-16,0.700729927,0.6058394161
primary_posterior_roi_spline,MSPSS_total,-1.983037663,7.362679351,6.110814891,8.614543811,-4.246400474e-16,0.700729927,0.6058394161
primary_posterior_roi_spline,MSPSS_total,-1.961238755,7.338411607,6.084805798,8.592017416,-4.246400474e-16,0.700729927,0.6058394161
primary_posterior_roi_spline,MSPSS_total,-1.939439847,7.314115389,6.058938124,8.569292654,-4.246400474e-16,0.700729927,0.6058394161
primary_posterior_roi_spline,MSPSS_total,-1.917640939,7.289790423,6.033229307,8.546351539,-4.246400474e-16,0.700729927,0.6058394161
primary_posterior_roi_spline,MSPSS_total,-1.89584203,7.265436435,6.007696135,8.523176735,-4.246400474e-16,0.700729927,0.6058394161
primary_posterior_roi_spline,MSPSS_total,-1.874043122,7.241053152,5.982354752,8.499751552,-4.246400474e-16,0.700729927,0.6058394161
primary_posterior_roi_spline,MSPSS_total,-1.852244214,7.216640299,5.957220661,8.476059938,-4.246400474e-16,0.700729927,0.6058394161
primary_posterior_roi_spline,MSPSS_total,-1.830445306,7.192197604,5.932308728,8.452086479,-4.246400474e-16,0.700729927,0.6058394161
primary_posterior_roi_spline,MSPSS_total,-1.808646397,7.167724791,5.907633187,8.427816395,-4.246400474e-16,0.700729927,0.6058394161
primary_posterior_roi_spline,MSPSS_total,-1.786847489,7.143221588,5.883207642,8.403235533,-4.246400474e-16,0.700729927,0.6058394161
primary_posterior_roi_spline,MSPSS_total,-1.765048581,7.11868772,5.859045073,8.378330367,-4.246400474e-16,0.700729927,0.6058394161
primary_posterior_roi_spline,MSPSS_total,-1.743249673,7.094122914,5.835157832,8.353087996,-4.246400474e-16,0.700729927,0.6058394161
primary_posterior_roi_spline,MSPSS_total,-1.721450765,7.069526896,5.811557651,8.327496141,-4.246400474e-16,0.700729927,0.6058394161
primary_posterior_roi_spline,MSPSS_total,-1.699651856,7.044899392,5.788255637,8.301543147,-4.246400474e-16,0.700729927,0.6058394161
primary_posterior_roi_spline,MSPSS_total,-1.677852948,7.020240129,5.765262272,8.275217986,-4.246400474e-16,0.700729927,0.6058394161
primary_posterior_roi_spline,MSPSS_total,-1.65605404,6.995548832,5.742587408,8.248510256,-4.246400474e-16,0.700729927,0.6058394161
primary_posterior_roi_spline,MSPSS_total,-1.634255132,6.970825228,5.720240263,8.221410193,-4.246400474e-16,0.700729927,0.6058394161
primary_posterior_roi_spline,MSPSS_total,-1.612456224,6.946069043,5.698229412,8.193908674,-4.246400474e-16,0.700729927,0.6058394161
primary_posterior_roi_spline,MSPSS_total,-1.590657315,6.921280003,5.676562777,8.165997229,-4.246400474e-16,0.700729927,0.6058394161
primary_posterior_roi_spline,MSPSS_total,-1.568858407,6.896457835,5.655247615,8.137668055,-4.246400474e-16,0.700729927,0.6058394161
primary_posterior_roi_spline,MSPSS_total,-1.547059499,6.871602264,5.634290499,8.108914029,-4.246400474e-16,0.700729927,0.6058394161
primary_posterior_roi_spline,MSPSS_total,-1.525260591,6.846713017,5.613697302,8.079728731,-4.246400474e-16,0.700729927,0.6058394161
primary_posterior_roi_spline,MSPSS_total,-1.503461683,6.82178982,5.593473175,8.050106465,-4.246400474e-16,0.700729927,0.6058394161
primary_posterior_roi_spline,MSPSS_total,-1.481662774,6.796832399,5.573622514,8.020042285,-4.246400474e-16,0.700729927,0.6058394161
primary_posterior_roi_spline,MSPSS_total,-1.459863866,6.771840481,5.554148936,7.989532027,-4.246400474e-16,0.700729927,0.6058394161
primary_posterior_roi_spline,MSPSS_total,-1.438064958,6.746813792,5.535055239,7.958572345,-4.246400474e-16,0.700729927,0.6058394161
primary_posterior_roi_spline,MSPSS_total,-1.41626605,6.721752057,5.516343361,7.927160754,-4.246400474e-16,0.700729927,0.6058394161
primary_posterior_roi_spline,MSPSS_total,-1.394467142,6.696655004,5.498014334,7.895295674,-4.246400474e-16,0.700729927,0.6058394161
primary_posterior_roi_spline,MSPSS_total,-1.372668233,6.671522358,5.480068229,7.862976486,-4.246400474e-16,0.700729927,0.6058394161
primary_posterior_roi_spline,MSPSS_total,-1.350869325,6.646353845,5.462504099,7.830203592,-4.246400474e-16,0.700729927,0.6058394161
primary_posterior_roi_spline,MSPSS_total,-1.329070417,6.621149192,5.445319902,7.796978483,-4.246400474e-16,0.700729927,0.6058394161
primary_posterior_roi_spline,MSPSS_total,-1.307271509,6.595908126,5.428512435,7.763303817,-4.246400474e-16,0.700729927,0.6058394161
primary_posterior_roi_spline,MSPSS_total,-1.2854726,6.570630371,5.412077236,7.729183506,-4.246400474e-16,0.700729927,0.6058394161
primary_posterior_roi_spline,MSPSS_total,-1.263673692,6.545315655,5.396008495,7.694622815,-4.246400474e-16,0.700729927,0.6058394161
primary_posterior_roi_spline,MSPSS_total,-1.241874784,6.519963703,5.380298939,7.659628467,-4.246400474e-16,0.700729927,0.6058394161
primary_posterior_roi_spline,MSPSS_total,-1.220075876,6.494574242,5.364939714,7.62420877,-4.246400474e-16,0.700729927,0.6058394161
primary_posterior_roi_spline,MSPSS_total,-1.198276968,6.469146998,5.349920244,7.588373751,-4.246400474e-16,0.700729927,0.6058394161
primary_posterior_roi_spline,MSPSS_total,-1.176478059,6.443681697,5.335228082,7.552135312,-4.246400474e-16,0.700729927,0.6058394161
primary_posterior_roi_spline,MSPSS_total,-1.154679151,6.418178066,5.320848739,7.515507393,-4.246400474e-16,0.700729927,0.6058394161
primary_posterior_roi_spline,MSPSS_total,-1.132880243,6.39263583,5.306765493,7.478506167,-4.246400474e-16,0.700729927,0.6058394161
primary_posterior_roi_spline,MSPSS_total,-1.111081335,6.367054716,5.292959185,7.441150247,-4.246400474e-16,0.700729927,0.6058394161
primary_posterior_roi_spline,MSPSS_total,-1.089282427,6.34143445,5.279407985,7.403460916,-4.246400474e-16,0.700729927,0.6058394161
primary_posterior_roi_spline,MSPSS_total,-1.067483518,6.315774759,5.266087134,7.365462384,-4.246400474e-16,0.700729927,0.6058394161
primary_posterior_roi_spline,MSPSS_total,-1.04568461,6.290075368,5.25296867,7.327182066,-4.246400474e-16,0.700729927,0.6058394161
primary_posterior_roi_spline,MSPSS_total,-1.023885702,6.264336004,5.240021116,7.288650891,-4.246400474e-16,0.700729927,0.6058394161
primary_posterior_roi_spline,MSPSS_total,-1.002086794,6.238556703,5.227209094,7.249904311,-4.246400474e-16,0.700729927,0.6058394161
primary_posterior_roi_spline,MSPSS_total,-0.9802878856,6.212746931,5.21449176,7.211002103,-4.246400474e-16,0.700729927,0.6058394161
primary_posterior_roi_spline,MSPSS_total,-0.9584889773,6.186927053,5.201824386,7.172029721,-4.246400474e-16,0.700729927,0.6058394161
primary_posterior_roi_spline,MSPSS_total,-0.9366900691,6.161118042,5.189161337,7.133074746,-4.246400474e-16,0.700729927,0.6058394161
primary_posterior_roi_spline,MSPSS_total,-0.9148911609,6.135340868,5.176456467,7.094225269,-4.246400474e-16,0.700729927,0.6058394161
primary_posterior_roi_spline,MSPSS_total,-0.8930922527,6.109616504,5.163663426,7.055569583,-4.246400474e-16,0.700729927,0.6058394161
primary_posterior_roi_spline,MSPSS_total,-0.8712933445,6.083965924,5.150736023,7.017195824,-4.246400474e-16,0.700729927,0.6058394161
primary_posterior_roi_spline,MSPSS_total,-0.8494944363,6.058410097,5.137628633,6.979191561,-4.246400474e-16,0.700729927,0.6058394161
primary_posterior_roi_spline,MSPSS_total,-0.8276955281,6.032969998,5.124296674,6.941643321,-4.246400474e-16,0.700729927,0.6058394161
primary_posterior_roi_spline,MSPSS_total,-0.8058966199,6.007666597,5.110697125,6.904636068,-4.246400474e-16,0.700729927,0.6058394161
primary_posterior_roi_spline,MSPSS_total,-0.7840977117,5.982520867,5.096789117,6.868252618,-4.246400474e-16,0.700729927,0.6058394161
primary_posterior_roi_spline,MSPSS_total,-0.7622988035,5.957553781,5.082534558,6.832573003,-4.246400474e-16,0.700729927,0.6058394161
primary_posterior_roi_spline,MSPSS_total,-0.7404998953,5.932786309,5.067898818,6.7976738,-4.246400474e-16,0.700729927,0.6058394161
primary_posterior_roi_spline,MSPSS_total,-0.7187009871,5.908239425,5.052851433,6.763627418,-4.246400474e-16,0.700729927,0.6058394161
primary_posterior_roi_spline,MSPSS_total,-0.6969020788,5.883934101,5.037366826,6.730501376,-4.246400474e-16,0.700729927,0.6058394161
primary_posterior_roi_spline,MSPSS_total,-0.6751031706,5.859891308,5.021425036,6.69835758,-4.246400474e-16,0.700729927,0.6058394161
primary_posterior_roi_spline,MSPSS_total,-0.6533042624,5.83613202,5.005012405,6.667251635,-4.246400474e-16,0.700729927,0.6058394161
primary_posterior_roi_spline,MSPSS_total,-0.6315053542,5.812677207,4.988122223,6.637232191,-4.246400474e-16,0.700729927,0.6058394161
primary_posterior_roi_spline,MSPSS_total,-0.609706446,5.789547842,4.970755301,6.608340383,-4.246400474e-16,0.700729927,0.6058394161
primary_posterior_roi_spline,MSPSS_total,-0.5879075378,5.766764898,4.952920436,6.580609359,-4.246400474e-16,0.700729927,0.6058394161
primary_posterior_roi_spline,MSPSS_total,-0.5661086296,5.744349346,4.934634757,6.554063934,-4.246400474e-16,0.700729927,0.6058394161
primary_posterior_roi_spline,MSPSS_total,-0.5443097214,5.722322158,4.915923931,6.528720385,-4.246400474e-16,0.700729927,0.6058394161
primary_posterior_roi_spline,MSPSS_total,-0.5225108132,5.700704307,4.896822222,6.504586393,-4.246400474e-16,0.700729927,0.6058394161
primary_posterior_roi_spline,MSPSS_total,-0.500711905,5.679516766,4.877372383,6.481661148,-4.246400474e-16,0.700729927,0.6058394161
primary_posterior_roi_spline,MSPSS_total,-0.4789129968,5.658780505,4.857625409,6.4599356,-4.246400474e-16,0.700729927,0.6058394161
primary_posterior_roi_spline,MSPSS_total,-0.4571140886,5.638516497,4.837640131,6.439392863,-4.246400474e-16,0.700729927,0.6058394161
primary_posterior_roi_spline,MSPSS_total,-0.4353151803,5.618745714,4.817482692,6.420008737,-4.246400474e-16,0.700729927,0.6058394161
primary_posterior_roi_spline,MSPSS_total,-0.4135162721,5.599489129,4.797225913,6.401752345,-4.246400474e-16,0.700729927,0.6058394161
primary_posterior_roi_spline,MSPSS_total,-0.3917173639,5.580767713,4.776948577,6.384586849,-4.246400474e-16,0.700729927,0.6058394161
primary_posterior_roi_spline,MSPSS_total,-0.3699184557,5.562602439,4.756734658,6.36847022,-4.246400474e-16,0.700729927,0.6058394161
primary_posterior_roi_spline,MSPSS_total,-0.3481195475,5.545014279,4.736672519,6.353356039,-4.246400474e-16,0.700729927,0.6058394161
primary_posterior_roi_spline,MSPSS_total,-0.3263206393,5.528024205,4.716854103,6.339194306,-4.246400474e-16,0.700729927,0.6058394161
primary_posterior_roi_spline,MSPSS_total,-0.3045217311,5.511653188,4.697374145,6.325932232,-4.246400474e-16,0.700729927,0.6058394161
primary_posterior_roi_spline,MSPSS_total,-0.2827228229,5.495922203,4.678329408,6.313514997,-4.246400474e-16,0.700729927,0.6058394161
primary_posterior_roi_spline,MSPSS_total,-0.2609239147,5.480852219,4.659817976,6.301886462,-4.246400474e-16,0.700729927,0.6058394161
primary_posterior_roi_spline,MSPSS_total,-0.2391250065,5.46646421,4.641938586,6.290989834,-4.246400474e-16,0.700729927,0.6058394161
primary_posterior_roi_spline,MSPSS_total,-0.2173260983,5.452779148,4.624790032,6.280768263,-4.246400474e-16,0.700729927,0.6058394161
primary_posterior_roi_spline,MSPSS_total,-0.1955271901,5.439818004,4.608470624,6.271165384,-4.246400474e-16,0.700729927,0.6058394161
primary_posterior_roi_spline,MSPSS_total,-0.1737282818,5.427601751,4.593077701,6.262125802,-4.246400474e-16,0.700729927,0.6058394161
primary_posterior_roi_spline,MSPSS_total,-0.1519293736,5.416151362,4.578707201,6.253595523,-4.246400474e-16,0.700729927,0.6058394161
primary_posterior_roi_spline,MSPSS_total,-0.1301304654,5.405487807,4.565453275,6.245522339,-4.246400474e-16,0.700729927,0.6058394161
primary_posterior_roi_spline,MSPSS_total,-0.1083315572,5.39563206,4.553407941,6.23785618,-4.246400474e-16,0.700729927,0.6058394161
primary_posterior_roi_spline,MSPSS_total,-0.08653264901,5.386605093,4.542660759,6.230549427,-4.246400474e-16,0.700729927,0.6058394161
primary_posterior_roi_spline,MSPSS_total,-0.0647337408,5.378427877,4.533298534,6.223557219,-4.246400474e-16,0.700729927,0.6058394161
primary_posterior_roi_spline,MSPSS_total,-0.04293483259,5.371121385,4.525405022,6.216837748,-4.246400474e-16,0.700729927,0.6058394161
primary_posterior_roi_spline,MSPSS_total,-0.02113592438,5.364706588,4.519060627,6.21035255,-4.246400474e-16,0.700729927,0.6058394161
primary_posterior_roi_spline,MSPSS_total,0.0006629838263,5.35920446,4.514342089,6.204066831,-4.246400474e-16,0.700729927,0.6058394161
primary_posterior_roi_spline,MSPSS_total,0.02246189203,5.354635972,4.511322138,6.197949807,-4.246400474e-16,0.700729927,0.6058394161
primary_posterior_roi_spline,MSPSS_total,0.04426080024,5.351022097,4.510069098,6.191975095,-4.246400474e-16,0.700729927,0.6058394161
primary_posterior_roi_spline,MSPSS_total,0.06605970845,5.348383806,4.51064644,6.186121171,-4.246400474e-16,0.700729927,0.6058394161
primary_posterior_roi_spline,MSPSS_total,0.08785861666,5.346742071,4.513112245,6.180371897,-4.246400474e-16,0.700729927,0.6058394161
primary_posterior_roi_spline,MSPSS_total,0.1096575249,5.346115282,4.517512198,6.174718365,-4.246400474e-16,0.700729927,0.6058394161
primary_posterior_roi_spline,MSPSS_total,0.1314564331,5.346497129,4.523824329,6.169169928,-4.246400474e-16,0.700729927,0.6058394161
primary_posterior_roi_spline,MSPSS_total,0.1532553413,5.347867583,4.531985468,6.163749698,-4.246400474e-16,0.700729927,0.6058394161
primary_posterior_roi_spline,MSPSS_total,0.1750542495,5.350206469,4.541924532,6.158488405,-4.246400474e-16,0.700729927,0.6058394161
primary_posterior_roi_spline,MSPSS_total,0.1968531577,5.353493611,4.553562729,6.153424493,-4.246400474e-16,0.700729927,0.6058394161
primary_posterior_roi_spline,MSPSS_total,0.2186520659,5.357708833,4.566813284,6.148604382,-4.246400474e-16,0.700729927,0.6058394161
primary_posterior_roi_spline,MSPSS_total,0.2404509741,5.36283196,4.581581085,6.144082835,-4.246400474e-16,0.700729927,0.6058394161
primary_posterior_roi_spline,MSPSS_total,0.2622498823,5.368842816,4.59776223,6.139923403,-4.246400474e-16,0.700729927,0.6058394161
primary_posterior_roi_spline,MSPSS_total,0.2840487905,5.375721226,4.615243516,6.136198935,-4.246400474e-16,0.700729927,0.6058394161
primary_posterior_roi_spline,MSPSS_total,0.3058476987,5.383447013,4.633901877,6.13299215,-4.246400474e-16,0.700729927,0.6058394161
primary_posterior_roi_spline,MSPSS_total,0.327646607,5.392000003,4.653603796,6.130396209,-4.246400474e-16,0.700729927,0.6058394161
primary_posterior_roi_spline,MSPSS_total,0.3494455152,5.401360019,4.674204756,6.128515281,-4.246400474e-16,0.700729927,0.6058394161
primary_posterior_roi_spline,MSPSS_total,0.3712444234,5.411506885,4.69554876,6.127465011,-4.246400474e-16,0.700729927,0.6058394161
primary_posterior_roi_spline,MSPSS_total,0.3930433316,5.422420427,4.717468012,6.127372841,-4.246400474e-16,0.700729927,0.6058394161
primary_posterior_roi_spline,MSPSS_total,0.4148422398,5.434080468,4.739782864,6.128378072,-4.246400474e-16,0.700729927,0.6058394161
primary_posterior_roi_spline,MSPSS_total,0.436641148,5.446466833,4.76230212,6.130631547,-4.246400474e-16,0.700729927,0.6058394161
primary_posterior_roi_spline,MSPSS_total,0.4584400562,5.459559346,4.784823859,6.134294834,-4.246400474e-16,0.700729927,0.6058394161
primary_posterior_roi_spline,MSPSS_total,0.4802389644,5.473337832,4.807136912,6.139538752,-4.246400474e-16,0.700729927,0.6058394161
primary_posterior_roi_spline,MSPSS_total,0.5020378726,5.487782114,4.82902312,6.146541108,-4.246400474e-16,0.700729927,0.6058394161
primary_posterior_roi_spline,MSPSS_total,0.5238367808,5.502872018,4.850260483,6.155483552,-4.246400474e-16,0.700729927,0.6058394161
primary_posterior_roi_spline,MSPSS_total,0.545635689,5.518587367,4.870627231,6.166547503,-4.246400474e-16,0.700729927,0.6058394161
primary_posterior_roi_spline,MSPSS_total,0.5674345972,5.534907986,4.889906745,6.179909227,-4.246400474e-16,0.700729927,0.6058394161
primary_posterior_roi_spline,MSPSS_total,0.5892335055,5.551813699,4.907893139,6.195734258,-4.246400474e-16,0.700729927,0.6058394161
primary_posterior_roi_spline,MSPSS_total,0.6110324137,5.56928433,4.92439715,6.214171511,-4.246400474e-16,0.700729927,0.6058394161
primary_posterior_roi_spline,MSPSS_total,0.6328313219,5.587299705,4.939251866,6.235347543,-4.246400474e-16,0.700729927,0.6058394161
primary_posterior_roi_spline,MSPSS_total,0.6546302301,5.605839646,4.952317783,6.25936151,-4.246400474e-16,0.700729927,0.6058394161
primary_posterior_roi_spline,MSPSS_total,0.6764291383,5.624883979,4.963486636,6.286281322,-4.246400474e-16,0.700729927,0.6058394161
primary_posterior_roi_spline,MSPSS_total,0.6982280465,5.644412528,4.972683635,6.316141421,-4.246400474e-16,0.700729927,0.6058394161
primary_posterior_roi_spline,MSPSS_total,0.7200269547,5.664405117,4.979867861,6.348942374,-4.246400474e-16,0.700729927,0.6058394161
primary_posterior_roi_spline,MSPSS_total,0.7418258629,5.684841571,4.985030874,6.384652268,-4.246400474e-16,0.700729927,0.6058394161
primary_posterior_roi_spline,MSPSS_total,0.7636247711,5.705701714,4.988193772,6.423209656,-4.246400474e-16,0.700729927,0.6058394161
primary_posterior_roi_spline,MSPSS_total,0.7854236793,5.726965369,4.989403095,6.464527644,-4.246400474e-16,0.700729927,0.6058394161
primary_posterior_roi_spline,MSPSS_total,0.8072225875,5.748612363,4.988726085,6.508498641,-4.246400474e-16,0.700729927,0.6058394161
primary_posterior_roi_spline,MSPSS_total,0.8290214958,5.770622518,4.986245754,6.554999283,-4.246400474e-16,0.700729927,0.6058394161
primary_posterior_roi_spline,MSPSS_total,0.850820404,5.79297566,4.982056155,6.603895164,-4.246400474e-16,0.700729927,0.6058394161
primary_posterior_roi_spline,MSPSS_total,0.8726193122,5.815651612,4.97625815,6.655045073,-4.246400474e-16,0.700729927,0.6058394161
primary_posterior_roi_spline,MSPSS_total,0.8944182204,5.838630199,4.968955813,6.708304584,-4.246400474e-16,0.700729927,0.6058394161
primary_posterior_roi_spline,MSPSS_total,0.9162171286,5.861891245,4.960253547,6.763528943,-4.246400474e-16,0.700729927,0.6058394161
primary_posterior_roi_spline,MSPSS_total,0.9380160368,5.885414575,4.950253879,6.82057527,-4.246400474e-16,0.700729927,0.6058394161
primary_posterior_roi_spline,MSPSS_total,0.959814945,5.909180012,4.93905588,6.879304145,-4.246400474e-16,0.700729927,0.6058394161
primary_posterior_roi_spline,MSPSS_total,0.9816138532,5.933167382,4.926754096,6.939580669,-4.246400474e-16,0.700729927,0.6058394161
primary_posterior_roi_spline,MSPSS_total,1.003412761,5.957356509,4.913437912,7.001275106,-4.246400474e-16,0.700729927,0.6058394161
primary_posterior_roi_spline,MSPSS_total,1.02521167,5.981727216,4.899191235,7.064263198,-4.246400474e-16,0.700729927,0.6058394161
primary_posterior_roi_spline,MSPSS_total,1.047010578,6.006259329,4.884092427,7.128426231,-4.246400474e-16,0.700729927,0.6058394161
primary_posterior_roi_spline,MSPSS_total,1.068809486,6.030932672,4.868214401,7.193650942,-4.246400474e-16,0.700729927,0.6058394161
primary_posterior_roi_spline,MSPSS_total,1.090608394,6.055727068,4.85162484,7.259829296,-4.246400474e-16,0.700729927,0.6058394161
primary_posterior_roi_spline,MSPSS_total,1.112407302,6.080622343,4.834386488,7.326858198,-4.246400474e-16,0.700729927,0.6058394161
primary_posterior_roi_spline,MSPSS_total,1.134206211,6.10559832,4.816557481,7.39463916,-4.246400474e-16,0.700729927,0.6058394161
primary_posterior_roi_spline,MSPSS_total,1.156005119,6.130634825,4.798191691,7.463077958,-4.246400474e-16,0.700729927,0.6058394161
primary_posterior_roi_spline,MSPSS_total,1.177804027,6.15571168,4.779339082,7.532084278,-4.246400474e-16,0.700729927,0.6058394161
primary_posterior_roi_spline,MSPSS_total,1.199602935,6.180808712,4.760046043,7.601571381,-4.246400474e-16,0.700729927,0.6058394161
